name,set,quantity,type,color,altArt,overnumbered,image
Abandon,UNL,1,SPELL,CHAOS,false,false,https://cmsassets.rgpub.io/sanity/images/dsfx7636/game_data_live/89929cfa4417c99576477793529c6808af145919-744x1039.png
Abandoned Hall,UNL,1,BATTLEFIELD,COLORLESS,false,false,https://cmsassets.rgpub.io/sanity/images/dsfx7636/game_data_live/7447b04d1e78192509e89e5ff3556368ea5c471a-1039x744.png
Acceleration Gate,VEN,1,SPELL,MIND&BODY,false,false,https://cmsassets.rgpub.io/sanity/images/dsfx7636/game_data_live/31b71a16ee85cf30124fdaa2c575e709a4c83771-744x1039.png
Acceptable Losses,OGN,1,SPELL,CHAOS,false,false,https://cmsassets.rgpub.io/sanity/images/dsfx7636/game_data_live/b2b470bab1ae511ab9de0b1ce576e2050532a081-744x1039.png
Adaptatron,OGN,1,UNIT,CALM,false,false,https://cmsassets.rgpub.io/sanity/images/dsfx7636/game_data_live/a3ddb00a2a872eaceb96469739531414aa27455d-744x1039.png
Affectionate Poro,VEN,1,UNIT,CALM,false,false,https://cmsassets.rgpub.io/sanity/images/dsfx7636/game_data_live/aa5fdc995322af38f540629fcf695f1080a14afb-744x1039.png
Against the Odds,SFD,1,SPELL,FURY,false,false,https://cmsassets.rgpub.io/sanity/images/dsfx7636/game_data_live/4c4ab0c838854ccd5d5399a045835876450287e8-744x1039.png
"Ahri, Alluring",OGN,1,UNIT,CALM,false,false,https://cmsassets.rgpub.io/sanity/images/dsfx7636/game_data_live/fabbcc2f83f397cf07299236a702db05a151053b-744x1039.png
"Ahri, Inquisitive",SFD,1,UNIT,MIND,false,false,https://cmsassets.rgpub.io/sanity/images/dsfx7636/game_data_live/d4c332e90c97e5e70b996598cd4a0f731b77fdef-744x1039.png
"Ahri, Inquisitive",OGN,1,UNIT,MIND,false,false,https://cmsassets.rgpub.io/sanity/images/dsfx7636/game_data_live/cfa28e1abcac1db780d11e82985e13ee5978290d-744x1039.png
"Akali, Deadly Weapon",VEN,1,UNIT,FURY,false,false,https://cmsassets.rgpub.io/sanity/images/dsfx7636/game_data_live/564e5f35ae39b6604290e83f39ffb61c2b2b9175-744x1039.png
"Akali, Silent",VEN,1,UNIT,CALM,false,false,https://cmsassets.rgpub.io/sanity/images/dsfx7636/game_data_live/f1a4d73853194a3dde02c51b083d197af89d2bda-744x1039.png
"Akshan, Mischievous",SFD,1,UNIT,BODY,false,false,https://cmsassets.rgpub.io/sanity/images/dsfx7636/game_data_live/f9e79f88463c1d516b9f1b053661937676e0e1f4-744x1039.png
Albus Ferros,OGN,1,UNIT,ORDER,false,false,https://cmsassets.rgpub.io/sanity/images/dsfx7636/game_data_live/ec0be8d2a79196b689fccf9ee42ce8baa7e9c35e-744x1039.png
"Allay, Eager Admirer",UNL,1,UNIT,CALM,false,false,https://cmsassets.rgpub.io/sanity/images/dsfx7636/game_data_live/bf1045b559b20d3e86383a07de54cd1893e5a94b-744x1039.png
Alpha Strike,UNL,1,SPELL,CALM&BODY,false,false,https://cmsassets.rgpub.io/sanity/images/dsfx7636/game_data_live/154940caa774fd8219625cf051ddcb230ffc7f02-744x1039.png
Alpha Wildclaw,UNL,1,UNIT,CALM,false,false,https://cmsassets.rgpub.io/sanity/images/dsfx7636/game_data_live/39ec974dae18bf82fcc18a95044d8df04cc14d3c-744x1039.png
Altar of Blood,UNL,1,BATTLEFIELD,COLORLESS,false,false,https://cmsassets.rgpub.io/sanity/images/dsfx7636/game_data_live/a17e5bb639866671772dc514a6096a5863712f71-1039x744.png
Altar of Memories,SFD,1,GEAR,ORDER,false,false,https://cmsassets.rgpub.io/sanity/images/dsfx7636/game_data_live/3ddc94a035d793d48987c6fe5d65fa11ea25c808-744x1039.png
Altar to Unity,OGN,1,BATTLEFIELD,COLORLESS,false,false,https://cmsassets.rgpub.io/sanity/images/dsfx7636/game_data_live/2392529560dc9af72596c6fc65b4c0356bbc44d1-1038x744.png
Amateur Recital,UNL,1,BATTLEFIELD,COLORLESS,false,false,https://cmsassets.rgpub.io/sanity/images/dsfx7636/game_data_live/9372a1574aa077e8b02cc6f00a1add060ae3b520-1039x744.png
"Ambessa, Respected and Feared",VEN,1,UNIT,ORDER,false,false,https://cmsassets.rgpub.io/sanity/images/dsfx7636/game_data_live/687c273217cd94067be9625a7f85b61d108a6293-744x1039.png
"Ambessa, Respected and Feared",VEN,1,UNIT,ORDER,false,false,https://cmsassets.rgpub.io/sanity/images/dsfx7636/game_data_live/17552788c608d9cb044c0a9bf7076d462548875b-744x1039.png
"Ambessa, The Wolf",VEN,1,UNIT,BODY,false,false,https://cmsassets.rgpub.io/sanity/images/dsfx7636/game_data_live/3907dc56d3a639e62f5222eaa0fd589c7a582da6-744x1039.png
Ancient Henge,SFD,1,GEAR,BODY,false,false,https://cmsassets.rgpub.io/sanity/images/dsfx7636/game_data_live/c7c260b77b4174a61aed6243ed90f76594102193-744x1039.png
Ancient Warmonger,SFD,1,UNIT,CHAOS,false,false,https://cmsassets.rgpub.io/sanity/images/dsfx7636/game_data_live/8ba05afcfbe6901fb4bdb736d5e61656a551f668-744x1039.png
Angle Shot,SFD,1,SPELL,FURY,false,false,https://cmsassets.rgpub.io/sanity/images/dsfx7636/game_data_live/757d507b684e55e333bac0ecdf2ec9ff3ad6045c-744x1039.png
Angler Beast,UNL,1,UNIT,CHAOS,false,false,https://cmsassets.rgpub.io/sanity/images/dsfx7636/game_data_live/68872e2119146768f8fa113376876fa64699297d-744x1039.png
"Anivia, Primal",OGN,1,UNIT,BODY,false,false,https://cmsassets.rgpub.io/sanity/images/dsfx7636/game_data_live/ca1a56035333e31b3a04d67ee9131bb4d533e5db-744x1039.png
"Annie, Fiery",OGS,1,UNIT,FURY,false,false,https://cmsassets.rgpub.io/sanity/images/dsfx7636/game_data_live/532d75dc36a16eb5954253a77366fcceac7aec62-744x1039.png
"Annie, Stubborn",OGS,1,UNIT,CHAOS,false,false,https://cmsassets.rgpub.io/sanity/images/dsfx7636/game_data_live/44eb968cf0c54e75970588b69eef5c5f5ccc9b24-744x1039.png
"Aphelios, Exalted",SFD,1,UNIT,CALM,false,false,https://cmsassets.rgpub.io/sanity/images/dsfx7636/game_data_live/1da6ebc24ad6360186208ab70a0c43443c349bbe-744x1039.png
"Aphelios, Exalted",SFD,1,UNIT,CALM,false,false,https://cmsassets.rgpub.io/sanity/images/dsfx7636/game_data_live/df9ccbba2501059e5781a44434745a1f0e33ecae-744x1039.png
Applied Researchers,VEN,1,UNIT,MIND,false,false,https://cmsassets.rgpub.io/sanity/images/dsfx7636/game_data_live/67a5f67bad4d4201b14760206a34c838d7a1e4dc-744x1039.png
Apprentice Mage,VEN,1,UNIT,MIND,false,false,https://cmsassets.rgpub.io/sanity/images/dsfx7636/game_data_live/6e650b9680864a949299cbe2ef7d06d1d22c7d18-744x1039.png
Apprentice Smith,SFD,1,UNIT,CALM,false,false,https://cmsassets.rgpub.io/sanity/images/dsfx7636/game_data_live/3998c6171ddc7a021560d9d9600c8eced9a8d628-744x1039.png
Arachnoid Horror,UNL,1,UNIT,BODY,false,false,https://cmsassets.rgpub.io/sanity/images/dsfx7636/game_data_live/ae2ec829a6714ac75e8b203631af08c0c1e1565f-744x1039.png
Arcane Shift,SFD,1,SPELL,MIND&CHAOS,false,false,https://cmsassets.rgpub.io/sanity/images/dsfx7636/game_data_live/a5d1d26dee01db24f32a1432639478753d22aa92-744x1039.png
Arena Bar,OGN,1,GEAR,BODY,false,false,https://cmsassets.rgpub.io/sanity/images/dsfx7636/game_data_live/519306d1d4a36f2d54fe0982268a197a257f5e5d-744x1039.png
Arena Kingpin,UNL,1,UNIT,FURY,false,false,https://cmsassets.rgpub.io/sanity/images/dsfx7636/game_data_live/db48f8c1da0e4f9804ae94398f0864859db0002a-744x1039.png
Arise!,SFD,1,SPELL,CALM&ORDER,false,false,https://cmsassets.rgpub.io/sanity/images/dsfx7636/game_data_live/346f4698fea2878dde88470c1793047140c981e3-744x1039.png
Armed Assailant,SFD,1,UNIT,FURY,false,false,https://cmsassets.rgpub.io/sanity/images/dsfx7636/game_data_live/1debdef1d45f7b2a452951db39674aeb01a8dc2b-744x1039.png
"Ashe, Focused",UNL,1,UNIT,ORDER,false,false,https://cmsassets.rgpub.io/sanity/images/dsfx7636/game_data_live/ebc033772f2005b7f39ba87ba9ea35f43df0da7a-744x1039.png
Aspirant's Climb,OGN,1,BATTLEFIELD,COLORLESS,false,false,https://cmsassets.rgpub.io/sanity/images/dsfx7636/game_data_live/9301593f3800e68427469d38181b578a672473c3-1038x744.png
Aspiring Engineer,SFD,1,UNIT,MIND,false,false,https://cmsassets.rgpub.io/sanity/images/dsfx7636/game_data_live/5d61995ae384bcee56838beb0eb6d83bf5faefad-744x1039.png
Assembly Rig,SFD,1,GEAR,FURY,false,false,https://cmsassets.rgpub.io/sanity/images/dsfx7636/game_data_live/40ae6f61f1a0b5d65d91e3bb3fd2a0dad9148208-744x1039.png
Astral Heron,VEN,1,UNIT,CALM,false,false,https://cmsassets.rgpub.io/sanity/images/dsfx7636/game_data_live/b1ce87efc9a1a7e2438c53e034a7f92caaa67ed6-744x1039.png
Atakhan,UNL,1,UNIT,ORDER,false,false,https://cmsassets.rgpub.io/sanity/images/dsfx7636/game_data_live/a0b3994aad6b6c64ace14193c1363713e6b6ede2-744x1039.png
Aurok General,VEN,1,UNIT,ORDER,false,false,https://cmsassets.rgpub.io/sanity/images/dsfx7636/game_data_live/2324531e93383ce0d7efbe67cbf7ee226127dea2-744x1039.png
Ava Achiever,OGN,1,UNIT,MIND,false,false,https://cmsassets.rgpub.io/sanity/images/dsfx7636/game_data_live/93e91aa99eb09baa68dd95b0013a89d9ffde5240-744x1039.png
"Azir, Ascendant",SFD,1,UNIT,CALM,false,false,https://cmsassets.rgpub.io/sanity/images/dsfx7636/game_data_live/3c42c02f6ebd2e4d4a640c2c6ac081231439888e-744x1039.png
"Azir, Sovereign",SFD,1,UNIT,ORDER,false,false,https://cmsassets.rgpub.io/sanity/images/dsfx7636/game_data_live/088970936fc800bd2c4b36636734e16c83e1c8f9-744x1039.png
B.F. Sword,SFD,1,GEAR,ORDER,false,false,https://cmsassets.rgpub.io/sanity/images/dsfx7636/game_data_live/97cd20e414c7282abb18cf7691eb1a5a2435af90-744x1039.png
Baccai Reaper,VEN,1,UNIT,FURY,false,false,https://cmsassets.rgpub.io/sanity/images/dsfx7636/game_data_live/14c473be38b3ec40503f44555db9a4168a45bfb4-744x1039.png
Baccai Sandspinner,VEN,1,UNIT,FURY,false,false,https://cmsassets.rgpub.io/sanity/images/dsfx7636/game_data_live/d8abab7f0df7c8ec9fff8c8dfa71c732e1ce2e6a-744x1039.png
Baccai Witherclaw,VEN,1,UNIT,BODY,false,false,https://cmsassets.rgpub.io/sanity/images/dsfx7636/game_data_live/fa41ae964411e63643025f7d8914627849ff57a8-744x1039.png
Back Off,UNL,1,SPELL,CALM,false,false,https://cmsassets.rgpub.io/sanity/images/dsfx7636/game_data_live/a0e7f7fa55ae618f94fe48920f92406ddd7e3512-744x1039.png
Back to Back,OGN,1,SPELL,ORDER,false,false,https://cmsassets.rgpub.io/sanity/images/dsfx7636/game_data_live/7f5585dcd3e9c7866e3b99cb169a0404ea4c010f-744x1039.png
Back-Alley Bar,OGN,1,BATTLEFIELD,COLORLESS,false,false,https://cmsassets.rgpub.io/sanity/images/dsfx7636/game_data_live/3e9f659a32e390b45bc87a01bdd6af4a8a3565f7-1038x744.png
Baited Hook,OGN,1,GEAR,ORDER,false,false,https://cmsassets.rgpub.io/sanity/images/dsfx7636/game_data_live/7b4e6a1e32878a7d5fe4e40869c83e47ea08de7c-744x1039.png
Bandle Soldier,UNL,1,UNIT,ORDER,false,false,https://cmsassets.rgpub.io/sanity/images/dsfx7636/game_data_live/e43b54f22e0a038ee1f94ba2e99f80dd89999d8e-744x1039.png
Bandle Tree,OGN,1,BATTLEFIELD,COLORLESS,false,false,https://cmsassets.rgpub.io/sanity/images/dsfx7636/game_data_live/538f93a34006c4afaddb890cbc75b4db222f1783-1038x744.png
"Bard, Mercurial",SFD,1,UNIT,MIND,false,false,https://cmsassets.rgpub.io/sanity/images/dsfx7636/game_data_live/edfefb81b8821f548a234d8e6d54fd072d7dc22c-744x1039.png
"Bard, Mercurial",SFD,1,UNIT,MIND,false,false,https://cmsassets.rgpub.io/sanity/images/dsfx7636/game_data_live/9c33fbc2dc78bb6af3d31fab0c0ca58e1141141d-744x1039.png
Baron Nashor,UNL,1,UNIT,CHAOS,false,false,https://cmsassets.rgpub.io/sanity/images/dsfx7636/game_data_live/7e8d207a8057b97f9059ea6025a16e59229dc54d-744x1039.png
Baron Nashor,UNL,1,UNIT,CHAOS,false,false,https://cmsassets.rgpub.io/sanity/images/dsfx7636/game_data_live/59946969e8d21869c3ffe801a3ffbdd8165a873f-744x1039.png
Bashful Bloom,UNL,1,LEGEND,CALM&MIND,false,false,https://cmsassets.rgpub.io/sanity/images/dsfx7636/game_data_live/5099aa2938091dfcc54277877e320a7f83aeeec1-744x1039.png
Bashful Bloom,UNL,1,LEGEND,CALM&MIND,false,false,https://cmsassets.rgpub.io/sanity/images/dsfx7636/game_data_live/7e1554365120c5042947aef8bcac48a07445e9f3-744x1039.png
Battering Ram,SFD,1,UNIT,FURY,false,false,https://cmsassets.rgpub.io/sanity/images/dsfx7636/game_data_live/5661f07778201b236b014a6078003cde9af57cdd-744x1039.png
Battle Mistress,SFD,1,LEGEND,BODY&CHAOS,false,false,https://cmsassets.rgpub.io/sanity/images/dsfx7636/game_data_live/fd060882c32a8deac04aea4241c6ab7b97236a05-744x1039.png
Battle Mistress,SFD,1,LEGEND,BODY&CHAOS,false,false,https://cmsassets.rgpub.io/sanity/images/dsfx7636/game_data_live/743887bce0027f549b85bf023475c3587a005581-744x1039.png
Beast Below,SFD,1,UNIT,CHAOS,false,false,https://cmsassets.rgpub.io/sanity/images/dsfx7636/game_data_live/d27a56111c68c651099d7b73b22a54a825458857-744x1039.png
Bellows Breath,SFD,1,SPELL,MIND,false,false,https://cmsassets.rgpub.io/sanity/images/dsfx7636/game_data_live/f0ae1c4bb788f6fadc251c9d9b36f3f92eef4c56-744x1039.png
Bewitching Spirit,UNL,1,UNIT,CHAOS,false,false,https://cmsassets.rgpub.io/sanity/images/dsfx7636/game_data_live/a771917dea98b137c3f4a13e4967dccf9ee445e5-744x1039.png
Bilgewater Bully,OGN,1,UNIT,BODY,false,false,https://cmsassets.rgpub.io/sanity/images/dsfx7636/game_data_live/474f66ffa1ecebd9e0341d644cb82a3b8135eece-744x1039.png
Black Flame Altar,UNL,1,BATTLEFIELD,COLORLESS,false,false,https://cmsassets.rgpub.io/sanity/images/dsfx7636/game_data_live/8cd4edde3e59c8edc8cdcea626fc443c5ed6e1f2-1039x744.png
Black Market Broker,SFD,1,UNIT,CHAOS,false,false,https://cmsassets.rgpub.io/sanity/images/dsfx7636/game_data_live/f167c95cea17981f20b767ff81c180aab8a383e2-744x1039.png
Black Rose Dignitary,UNL,1,UNIT,ORDER,false,false,https://cmsassets.rgpub.io/sanity/images/dsfx7636/game_data_live/b63912e07914c3ef7e2bcdb95d5521fc26c880f2-744x1039.png
Blade Dancer,SFD,1,LEGEND,CALM&CHAOS,false,false,https://cmsassets.rgpub.io/sanity/images/dsfx7636/game_data_live/656ef2d1724b818e9e737ec5dcce923de067a316-744x1039.png
Blade Dancer,SFD,1,LEGEND,CALM&CHAOS,false,false,https://cmsassets.rgpub.io/sanity/images/dsfx7636/game_data_live/8258072391bbb8d24e9d6e603c3ba1434979a911-744x1039.png
Blade Twirler,VEN,1,UNIT,FURY,false,false,https://cmsassets.rgpub.io/sanity/images/dsfx7636/game_data_live/b222082d5d38630c4d2542ed24c0442881e3de18-744x1039.png
Blade of the Ruined King,SFD,1,GEAR,ORDER,false,false,https://cmsassets.rgpub.io/sanity/images/dsfx7636/game_data_live/26ab126258a15afd380c313e973f7469808ce55f-744x1039.png
Blast Cone,UNL,1,GEAR,CHAOS,false,false,https://cmsassets.rgpub.io/sanity/images/dsfx7636/game_data_live/093799f1ad34084f05011f3b326d4d32d96849e5-744x1039.png
Blast Corps Cadet,SFD,1,UNIT,FURY,false,false,https://cmsassets.rgpub.io/sanity/images/dsfx7636/game_data_live/9efe5a8322a90822650ff18578cd5e1a8561fac5-744x1039.png
Blast of Power,OGS,1,SPELL,ORDER,false,false,https://cmsassets.rgpub.io/sanity/images/dsfx7636/game_data_live/026f851a703601fce4142c0791e913377c170b47-744x1039.png
Blastcone Fae,OGN,1,UNIT,MIND,false,false,https://cmsassets.rgpub.io/sanity/images/dsfx7636/game_data_live/fac53b2216490c99ad7ce11dc5e663a692d6c104-744x1039.png
Blazing Scorcher,OGN,1,UNIT,FURY,false,false,https://cmsassets.rgpub.io/sanity/images/dsfx7636/game_data_live/15ed971e4029a92b362a81ccadf309fb81e40b81-744x1039.png
Blighted Battleaxe,UNL,1,GEAR,FURY,false,false,https://cmsassets.rgpub.io/sanity/images/dsfx7636/game_data_live/a6425462180dc6bc3396397cd491c0abae58f616-744x1039.png
Blind Fury,OGN,1,SPELL,FURY,false,false,https://cmsassets.rgpub.io/sanity/images/dsfx7636/game_data_live/d74ba4998df9348408f1400090a0b0737c675fbd-744x1039.png
Blind Monk,OGN,1,LEGEND,CALM&BODY,false,false,https://cmsassets.rgpub.io/sanity/images/dsfx7636/game_data_live/ffe064e002d3b9a366748eb85102a769b2545835-744x1039.png
Blind Monk,OGN,1,LEGEND,CALM&BODY,false,false,https://cmsassets.rgpub.io/sanity/images/dsfx7636/game_data_live/fb6316c39ad2a00d65f4b6cc823cbdd61cadda3b-1488x2078.png
"Blitzcrank, Impassive",OGN,1,UNIT,CALM,false,false,https://cmsassets.rgpub.io/sanity/images/dsfx7636/game_data_live/654dcc4aef0a0b5a0c6e928d7aae397a52c3ab17-744x1039.png
Block,OGN,1,SPELL,CALM,false,false,https://cmsassets.rgpub.io/sanity/images/dsfx7636/game_data_live/36f7352e715fe073631ed85be41408c9a38ab865-744x1039.png
Blood Money,SFD,1,SPELL,ORDER,false,false,https://cmsassets.rgpub.io/sanity/images/dsfx7636/game_data_live/0062fe2a96fc94bd8d85c01607a48e8619ed4e20-744x1039.png
Blood Rose,UNL,1,GEAR,BODY,false,false,https://cmsassets.rgpub.io/sanity/images/dsfx7636/game_data_live/64067ebdbe3140e9a458da7ecf7253a5fae9a31b-744x1039.png
Blood Rush,SFD,1,SPELL,FURY,false,false,https://cmsassets.rgpub.io/sanity/images/dsfx7636/game_data_live/931b77b9ab56c3abc85686be4d2452c450f9b3e0-744x1039.png
Bloodharbor Ripper,UNL,1,LEGEND,FURY&CHAOS,false,false,https://cmsassets.rgpub.io/sanity/images/dsfx7636/game_data_live/8ca1bfde8d898a11a6abc73bbab8fc7092b0dcb4-744x1039.png
Bloodharbor Ripper,UNL,1,LEGEND,FURY&CHAOS,false,false,https://cmsassets.rgpub.io/sanity/images/dsfx7636/game_data_live/b4095d98aff998fda5a08d4c32e97a2a66ccf1e6-744x1039.png
Blue Sentinel,UNL,1,UNIT,MIND,false,false,https://cmsassets.rgpub.io/sanity/images/dsfx7636/game_data_live/bec7e8f108fac2d9c94db01c85cf143133d13325-744x1039.png
Body Rune,OGN,1,RUNE,BODY,false,false,https://cmsassets.rgpub.io/sanity/images/dsfx7636/game_data_live/3b3c3c07626d6180457c849047e0228dc0d19539-744x1039.png
Bonds of Strength,SFD,1,SPELL,ORDER,false,false,https://cmsassets.rgpub.io/sanity/images/dsfx7636/game_data_live/344034c00d9fad558e98a64efab0310ad4bac37c-744x1039.png
Bone Skewer,UNL,1,SPELL,CHAOS,false,false,https://cmsassets.rgpub.io/sanity/images/dsfx7636/game_data_live/e06e3e3033640bc8a5bc98acd4e3a0925c6e2c9a-744x1039.png
Boneshiver,SFD,1,GEAR,BODY,false,false,https://cmsassets.rgpub.io/sanity/images/dsfx7636/game_data_live/c3e4d8c3f3975a7429428ac90e5ebcffa1f8e5a9-744x1039.png
Boots of Swiftness,SFD,1,GEAR,CHAOS,false,false,https://cmsassets.rgpub.io/sanity/images/dsfx7636/game_data_live/a8a8e977f7427227adac69b5d2db07f643d0df09-744x1039.png
Bottled Constellation,VEN,1,GEAR,MIND,false,false,https://cmsassets.rgpub.io/sanity/images/dsfx7636/game_data_live/2068b7c202cab7f877c331a7bad0531d6a8f0d73-744x1039.png
Bounty Hunter,OGN,1,LEGEND,BODY&CHAOS,false,false,https://cmsassets.rgpub.io/sanity/images/dsfx7636/game_data_live/cc11261fcdbf0851525030bd9e835b718efad3bc-744x1040.png
Bounty Hunter,OGN,1,LEGEND,BODY&CHAOS,false,false,https://cmsassets.rgpub.io/sanity/images/dsfx7636/game_data_live/f4b7f334f442d30ccea4743c641760c5533804b4-1488x2078.png
Brazen Buccaneer,OGN,1,UNIT,FURY,false,false,https://cmsassets.rgpub.io/sanity/images/dsfx7636/game_data_live/d481971f7560e7235e7d6934767da18daa019eff-744x1039.png
Breakneck Mech,SFD,1,UNIT,MIND,false,false,https://cmsassets.rgpub.io/sanity/images/dsfx7636/game_data_live/8564fc233cfcb4fc774ac4bc4ee72085d7586163-744x1039.png
Brittle Steel,VEN,1,SPELL,FURY,false,false,https://cmsassets.rgpub.io/sanity/images/dsfx7636/game_data_live/2264ab788558ec69b1b6ed3e03ce69a3f63bdbb7-744x1039.png
Brutal Hunter,VEN,1,UNIT,BODY,false,false,https://cmsassets.rgpub.io/sanity/images/dsfx7636/game_data_live/54122304a3bb1f989faf124cb74fd7d41b029681-744x1039.png
Brutalizer,SFD,1,GEAR,CALM,false,false,https://cmsassets.rgpub.io/sanity/images/dsfx7636/game_data_live/3a0de7eec3de501f79f33c09b43c7fe42721d10d-744x1039.png
Brynhir Thundersong,OGN,1,UNIT,FURY,false,false,https://cmsassets.rgpub.io/sanity/images/dsfx7636/game_data_live/44e805aa0f2928acf1156eef692403df319b333a-744x1039.png
Bubble Bot,SFD,1,UNIT,MIND,false,false,https://cmsassets.rgpub.io/sanity/images/dsfx7636/game_data_live/c0fe9df24ae4b8a5b4fb8276b1bd6c5a5f5f7b2b-744x1039.png
Buhru Captain,SFD,1,UNIT,BODY,false,false,https://cmsassets.rgpub.io/sanity/images/dsfx7636/game_data_live/9f5186bd42c23f75ea84186aa2cb945cc02a222e-744x1039.png
Bullet Time,OGN,1,SPELL,BODY&CHAOS,false,false,https://cmsassets.rgpub.io/sanity/images/dsfx7636/game_data_live/96ed7f6b121a7f46003534393350838efe2776f0-744x1039.png
Bushwhack,SFD,1,SPELL,FURY,false,false,https://cmsassets.rgpub.io/sanity/images/dsfx7636/game_data_live/f728959ad6d4ee6c507310000c3c9e02c0772a16-744x1039.png
Butcher of the Sands,VEN,1,LEGEND,FURY&BODY,false,false,https://cmsassets.rgpub.io/sanity/images/dsfx7636/game_data_live/7620595b36b40a0c3d05c4c5469b016d1c18c6f2-744x1039.png
Butcher of the Sands,VEN,1,LEGEND,FURY&BODY,false,false,https://cmsassets.rgpub.io/sanity/images/dsfx7636/game_data_live/f5db9db00111d8225e17c3a03d0111b471e74999-744x1040.png
"Caitlyn, Patrolling",OGN,1,UNIT,CALM,false,false,https://cmsassets.rgpub.io/sanity/images/dsfx7636/game_data_live/51e6bacf25d19e7c391367ff107efb9e0b9f1ff5-744x1039.png
Call to Battle,UNL,1,SPELL,BODY,false,false,https://cmsassets.rgpub.io/sanity/images/dsfx7636/game_data_live/3c7e0f93c72654f786f5df37895c6e95fa9d4d60-744x1039.png
Call to Glory,OGN,1,SPELL,ORDER,false,false,https://cmsassets.rgpub.io/sanity/images/dsfx7636/game_data_live/ced53bc3fb15f263471067fc3868295b09e62a07-744x1039.png
Called Shot,SFD,1,SPELL,CHAOS,false,false,https://cmsassets.rgpub.io/sanity/images/dsfx7636/game_data_live/8fb07f0b3c0c697e324fb016f4cf7e4288aa4594-744x1039.png
Calm Rune,OGN,1,RUNE,CALM,false,false,https://cmsassets.rgpub.io/sanity/images/dsfx7636/game_data_live/0a0e8c3d16c2595e2f8efcc2b1466226539b506c-744x1039.png
Cannon Barrage,OGN,1,SPELL,BODY,false,false,https://cmsassets.rgpub.io/sanity/images/dsfx7636/game_data_live/07ef531829e5c6084a8d31044ebd783a9266f59e-744x1039.png
Captain Farron,OGN,1,UNIT,FURY,false,false,https://cmsassets.rgpub.io/sanity/images/dsfx7636/game_data_live/4c65e2cae6748590f589ad8b26bc5a20c0d770c2-744x1039.png
Card Sharp,SFD,1,UNIT,MIND,false,false,https://cmsassets.rgpub.io/sanity/images/dsfx7636/game_data_live/8bfd5dc22473d439cd78d5a3cb23ed03de66953d-744x1039.png
Carnivorous Snapvine,OGN,1,UNIT,BODY,false,false,https://cmsassets.rgpub.io/sanity/images/dsfx7636/game_data_live/5ceaec3452d623931b5ac93d0af26b180b9646de-744x1039.png
Carrion Dredger,UNL,1,UNIT,ORDER,false,false,https://cmsassets.rgpub.io/sanity/images/dsfx7636/game_data_live/84d8b6d7a9cab2b78a465a8e0caf597f3ef5a175-744x1039.png
Cataclysmic Duel,VEN,1,SPELL,BODY,false,false,https://cmsassets.rgpub.io/sanity/images/dsfx7636/game_data_live/1fb5fcd8ca8be36b5aba234040b7428aab682576-744x1039.png
Catalyst of Aeons,OGN,1,SPELL,BODY,false,false,https://cmsassets.rgpub.io/sanity/images/dsfx7636/game_data_live/4753707323ab6f9ac572c097f29f2f76ac62f54f-744x1039.png
Cemetery Attendant,OGN,1,UNIT,CHAOS,false,false,https://cmsassets.rgpub.io/sanity/images/dsfx7636/game_data_live/6bbbe6923105c53fc6b2a44430db940e009609b6-744x1039.png
Chakram Dancer,UNL,1,UNIT,MIND,false,false,https://cmsassets.rgpub.io/sanity/images/dsfx7636/game_data_live/29abe06f1c16a9eed622a5060330116268b73b8c-744x1039.png
Challenge,OGN,1,SPELL,BODY,false,false,https://cmsassets.rgpub.io/sanity/images/dsfx7636/game_data_live/f5c1aeaee373c481b7ea2a638cd6f9e815ac105d-744x1039.png
Chaos Rune,OGN,1,RUNE,CHAOS,false,false,https://cmsassets.rgpub.io/sanity/images/dsfx7636/game_data_live/daf23b0deaa5e1a5a5d310b59e9ad25d1bd70363-744x1039.png
Charm,OGN,1,SPELL,CALM,false,false,https://cmsassets.rgpub.io/sanity/images/dsfx7636/game_data_live/62ae564505db8fcba70605eac2083ac2d4397b5a-744x1039.png
Chem-Baroness,SFD,1,LEGEND,MIND&ORDER,false,false,https://cmsassets.rgpub.io/sanity/images/dsfx7636/game_data_live/5df25d5a1351d0a97e103ef8e155991297b86ca9-744x1039.png
Chem-Baroness,SFD,1,LEGEND,MIND&ORDER,false,false,https://cmsassets.rgpub.io/sanity/images/dsfx7636/game_data_live/4bd289c281ad64229061ff909abf88c12a574833-744x1039.png
Chemtech Cask,SFD,1,GEAR,MIND,false,false,https://cmsassets.rgpub.io/sanity/images/dsfx7636/game_data_live/39071feea6d3739a834a83b1841f496bdfc3a59a-744x1039.png
Chemtech Enforcer,OGN,1,UNIT,FURY,false,false,https://cmsassets.rgpub.io/sanity/images/dsfx7636/game_data_live/19dcf211457d9c9c6e9ea0cd32af76c2c92a3160-744x1039.png
Cithria of Cloudfield,OGN,1,UNIT,BODY,false,false,https://cmsassets.rgpub.io/sanity/images/dsfx7636/game_data_live/6f0931db65e25e0a8d8351ffb97f8deed5dc0aa9-744x1039.png
Clairvoyance,VEN,1,SPELL,MIND,false,false,https://cmsassets.rgpub.io/sanity/images/dsfx7636/game_data_live/f43cb85d4939cc6ea1ed67b1c6526eef912cf9a6-744x1039.png
Clash of Giants,UNL,1,SPELL,BODY,false,false,https://cmsassets.rgpub.io/sanity/images/dsfx7636/game_data_live/afe7cbde874003db673925275a13614d5f35266b-744x1039.png
Cleave,OGN,1,SPELL,FURY,false,false,https://cmsassets.rgpub.io/sanity/images/dsfx7636/game_data_live/95d476a1e88ff547fb846149619177bc7e3cea9f-744x1039.png
Clockwork Keeper,OGN,1,UNIT,CALM,false,false,https://cmsassets.rgpub.io/sanity/images/dsfx7636/game_data_live/417e606418349bb25d4b07d460fa043ad85f2778-744x1039.png
Cloth Armor,SFD,1,GEAR,MIND,false,false,https://cmsassets.rgpub.io/sanity/images/dsfx7636/game_data_live/fe02bf01609ff2e6cc6fa8fbd578fd596ab5cb84-744x1039.png
Cloud Drake,VEN,1,UNIT,MIND,false,false,https://cmsassets.rgpub.io/sanity/images/dsfx7636/game_data_live/cb0dbff1058e8c59fa041dd242aa9b43d92eae14-744x1039.png
Combat Chef,SFD,1,UNIT,BODY,false,false,https://cmsassets.rgpub.io/sanity/images/dsfx7636/game_data_live/dffa05408c0b53f62dfbb9452986342ff2d4352d-744x1039.png
Combat Experience,UNL,1,SPELL,CALM,false,false,https://cmsassets.rgpub.io/sanity/images/dsfx7636/game_data_live/537b66b5f0259f80bf25b1aafb78558f4db6886a-744x1039.png
Commander Ledros,OGN,1,UNIT,ORDER,false,false,https://cmsassets.rgpub.io/sanity/images/dsfx7636/game_data_live/1183be5effc6275f17da09b983feb36632752af4-744x1039.png
Concentrate,UNL,1,SPELL,BODY,false,false,https://cmsassets.rgpub.io/sanity/images/dsfx7636/game_data_live/5e032420b6dcbdd96dca122b4d7875868feb82ed-744x1039.png
Confront,OGN,1,SPELL,BODY,false,false,https://cmsassets.rgpub.io/sanity/images/dsfx7636/game_data_live/691a38a7c344fdb5ee86e34d41321d99754286a7-744x1039.png
Conscription,UNL,1,SPELL,CHAOS,false,false,https://cmsassets.rgpub.io/sanity/images/dsfx7636/game_data_live/1c05bff48666586a2b3552b5638deaf20d9006f7-744x1039.png
Consult the Past,OGN,1,SPELL,MIND,false,false,https://cmsassets.rgpub.io/sanity/images/dsfx7636/game_data_live/198d950d3933972273ec714e9264cbd563ea6920-744x1039.png
Consuming Curse,VEN,1,SPELL,FURY,false,false,https://cmsassets.rgpub.io/sanity/images/dsfx7636/game_data_live/4254a96c88275f09c2c41653d46702125bc24d9f-744x1039.png
Convergent Mutation,OGN,1,SPELL,MIND,false,false,https://cmsassets.rgpub.io/sanity/images/dsfx7636/game_data_live/61d414fc67ff52b9082e282e628dd0916afd8454-744x1039.png
Corina Veraza,SFD,1,UNIT,ORDER,false,false,https://cmsassets.rgpub.io/sanity/images/dsfx7636/game_data_live/6b0f55aee4b4f9d0074c808e0fff00dcb7e35377-744x1039.png
Corrupt Enforcer,SFD,1,UNIT,CHAOS,false,false,https://cmsassets.rgpub.io/sanity/images/dsfx7636/game_data_live/3c0a6bf40b629fa038299329c1d803fc9fc8e61e-744x1039.png
Corrupted Dragon,VEN,1,UNIT,BODY,false,false,https://cmsassets.rgpub.io/sanity/images/dsfx7636/game_data_live/6000c549047967e619d47bdbd2f265e5bb8b5b19-744x1039.png
Counter Strike,SFD,1,SPELL,CALM&BODY,false,false,https://cmsassets.rgpub.io/sanity/images/dsfx7636/game_data_live/7c643b3da9a78518b1b92e3eeb0078b88d82bf79-744x1039.png
Covert Informant,VEN,1,UNIT,MIND,false,false,https://cmsassets.rgpub.io/sanity/images/dsfx7636/game_data_live/ff33454bf980a5c884b63e524c6580408e9b94e3-744x1039.png
Crackshot Corsair,OGN,1,UNIT,BODY,false,false,https://cmsassets.rgpub.io/sanity/images/dsfx7636/game_data_live/9106ab084e02d7a489cb351e98112e5833b0bb11-744x1039.png
Crescent Guardian,UNL,1,UNIT,CHAOS,false,false,https://cmsassets.rgpub.io/sanity/images/dsfx7636/game_data_live/0ff22e9a517d029fd17cfbbbc93ca2f90c2c676c-744x1039.png
Crescent Strike,UNL,1,SPELL,MIND,false,false,https://cmsassets.rgpub.io/sanity/images/dsfx7636/game_data_live/34ab7eff1eb8833ab8b9978eac18c4fb18b1ac81-744x1039.png
Crimson Pigeons,UNL,1,UNIT,ORDER,false,false,https://cmsassets.rgpub.io/sanity/images/dsfx7636/game_data_live/68786cd39a886a586b401d6bf818a80bf9f9e2cd-744x1039.png
Crowd Favorite,UNL,1,UNIT,BODY,false,false,https://cmsassets.rgpub.io/sanity/images/dsfx7636/game_data_live/0031569ff123a8317e1be753f0bd895501bf838b-744x1039.png
Cruel Patron,OGN,1,UNIT,ORDER,false,false,https://cmsassets.rgpub.io/sanity/images/dsfx7636/game_data_live/c1c2c08fa0032a245c1ffee6ba29fff2826bd468-744x1039.png
Crumbling Sands,VEN,1,SPELL,CALM,false,false,https://cmsassets.rgpub.io/sanity/images/dsfx7636/game_data_live/0d7491bdb2e9d18f64a5b53a16623b26a7cac6a1-744x1039.png
Cull,SFD,1,GEAR,CHAOS,false,false,https://cmsassets.rgpub.io/sanity/images/dsfx7636/game_data_live/885ee56a4153b4f9fd064e9d24c9d55400e1291f-744x1039.png
Cull the Weak,OGN,1,SPELL,ORDER,false,false,https://cmsassets.rgpub.io/sanity/images/dsfx7636/game_data_live/49338a4b31727c6ef50e7dbc54e7004dcd2b6f4c-744x1039.png
Curator of the Sands,VEN,1,LEGEND,CALM&MIND,false,false,https://cmsassets.rgpub.io/sanity/images/dsfx7636/game_data_live/f26a25c5fddba7da788455c3d82b85c5abc7a2eb-744x1039.png
Curator of the Sands,VEN,1,LEGEND,CALM&MIND,false,false,https://cmsassets.rgpub.io/sanity/images/dsfx7636/game_data_live/1790b30538781eb2a55b5baee00fff9ed08794aa-744x1039.png
Cursed Sarcophagus,UNL,1,GEAR,CHAOS,false,false,https://cmsassets.rgpub.io/sanity/images/dsfx7636/game_data_live/ae3823d4109d9bbae8c7983ec1c1082ba5b4f190-744x1039.png
Curtain Call,UNL,1,SPELL,FURY&MIND,false,false,https://cmsassets.rgpub.io/sanity/images/dsfx7636/game_data_live/01496068d9a8d5567672d802bd008297bd1fe8cc-744x1039.png
Daisy!,UNL,1,UNIT,CALM&ORDER,false,false,https://cmsassets.rgpub.io/sanity/images/dsfx7636/game_data_live/ada85b2a6076b60933831454d02a21da3654362c-744x1039.png
Dame the Despoiler,VEN,1,UNIT,BODY,false,false,https://cmsassets.rgpub.io/sanity/images/dsfx7636/game_data_live/7c45dc79e72efc8ddf8c5b20d83474e23dc66e5e-744x1039.png
Dancing Grenade,UNL,1,SPELL,FURY,false,false,https://cmsassets.rgpub.io/sanity/images/dsfx7636/game_data_live/8afc30b1bc7cc1841dfe11cfa29adbcc02257845-744x1039.png
Danger Zone,SFD,1,SPELL,FURY&MIND,false,false,https://cmsassets.rgpub.io/sanity/images/dsfx7636/game_data_live/c4652150ba885dd346b8f3622fd0e4ada7cf767f-744x1039.png
Dangerous Duo,OGN,1,UNIT,FURY,false,false,https://cmsassets.rgpub.io/sanity/images/dsfx7636/game_data_live/3c02ea9e438d407c739276b788e015ac93843651-744x1039.png
Daring Poro,UNL,1,UNIT,ORDER,false,false,https://cmsassets.rgpub.io/sanity/images/dsfx7636/game_data_live/9b097e8f9866788e0de2bfada48627c752d3e4b9-744x1039.png
Daring Poro,OGN,1,UNIT,ORDER,false,false,https://cmsassets.rgpub.io/sanity/images/dsfx7636/game_data_live/41dee7ec46124c261352595cfbd8a6d38d32b947-744x1039.png
"Darius, Executioner",SFD,1,UNIT,ORDER,false,false,https://cmsassets.rgpub.io/sanity/images/dsfx7636/game_data_live/4f550f321dce06bb09bb47682d5bf2981280ea16-744x1039.png
"Darius, Executioner",OGN,1,UNIT,ORDER,false,false,https://cmsassets.rgpub.io/sanity/images/dsfx7636/game_data_live/7b71cf13a07074a6eccbe88ae6c74133d989cb68-744x1039.png
"Darius, Trifarian",OGN,1,UNIT,FURY,false,false,https://cmsassets.rgpub.io/sanity/images/dsfx7636/game_data_live/bf7a4900fd2296972c1305a4707c23860bb0522e-744x1039.png
Dark Child - Starter,OGS,1,LEGEND,FURY&CHAOS,false,false,https://cmsassets.rgpub.io/sanity/images/dsfx7636/game_data_live/89963e1d1cffd69c620fb5d6b037f50d5c334463-744x1039.png
Daughter of the Void,OGN,1,LEGEND,FURY&MIND,false,false,https://cmsassets.rgpub.io/sanity/images/dsfx7636/game_data_live/57e13462b8fea9a5cfa1b424d3ad3005f37b00ad-1488x2078.png
Daughter of the Void,OGN,1,LEGEND,FURY&MIND,false,false,https://cmsassets.rgpub.io/sanity/images/dsfx7636/game_data_live/a576472c7bb00f475882ac814e1d8f9be233b402-744x1040.png
Dauntless Vanguard,SFD,1,UNIT,BODY,false,false,https://cmsassets.rgpub.io/sanity/images/dsfx7636/game_data_live/cb19a57b58370952cb37fff27375826d5c274129-744x1039.png
Dazzling Aurora,OGN,1,GEAR,BODY,false,false,https://cmsassets.rgpub.io/sanity/images/dsfx7636/game_data_live/c023856a50c75058465f283d181277ce265ba108-744x1039.png
Deadbloom Predator,OGN,1,UNIT,BODY,false,false,https://cmsassets.rgpub.io/sanity/images/dsfx7636/game_data_live/112b4b3847b26ea2d245ac0976717d109be7b032-744x1039.png
Deadly Flourish,UNL,1,SPELL,MIND,false,false,https://cmsassets.rgpub.io/sanity/images/dsfx7636/game_data_live/81195df7122beaba38ebc8b8212ceb0e7593afe9-744x1039.png
Death Mark,VEN,1,SPELL,FURY&CHAOS,false,false,https://cmsassets.rgpub.io/sanity/images/dsfx7636/game_data_live/87ccfb8d1c19f402bb37ffa392011ee2f0880aa9-744x1039.png
Death from Below,UNL,1,SPELL,FURY&CHAOS,false,false,https://cmsassets.rgpub.io/sanity/images/dsfx7636/game_data_live/17d93a11a252287e3b0f4bbe32722ecc9469ec66-744x1039.png
Deathgrip,SFD,1,SPELL,ORDER,false,false,https://cmsassets.rgpub.io/sanity/images/dsfx7636/game_data_live/695304200c6fd3b287bd319ac564d31936b23d66-744x1039.png
Deceiver,UNL,1,LEGEND,MIND&ORDER,false,false,https://cmsassets.rgpub.io/sanity/images/dsfx7636/game_data_live/656450f89be4dc253438a4e0af7f7638ed5f90b2-744x1039.png
Deceiver,UNL,1,LEGEND,MIND&ORDER,false,false,https://cmsassets.rgpub.io/sanity/images/dsfx7636/game_data_live/c17d29602d61d6702372fec4db44c6fb2a29e8a2-744x1039.png
Decisive Strike,OGS,1,SPELL,BODY&ORDER,false,false,https://cmsassets.rgpub.io/sanity/images/dsfx7636/game_data_live/986782271be078c184a8d1c196e375106459c6c5-744x1039.png
Decree of Discord,VEN,1,SPELL,CHAOS,false,false,https://cmsassets.rgpub.io/sanity/images/dsfx7636/game_data_live/b0e82842acddb99c47af6793dab48164caf498c2-744x1039.png
Decree of Focus,VEN,1,SPELL,CALM,false,false,https://cmsassets.rgpub.io/sanity/images/dsfx7636/game_data_live/3f9a1b209cfd6097bac6fa9aec57531e300ef511-744x1039.png
Decree of Insight,VEN,1,SPELL,MIND,false,false,https://cmsassets.rgpub.io/sanity/images/dsfx7636/game_data_live/da019355562b207814be6aec55bccf415bd416df-744x1039.png
Decree of Rage,VEN,1,SPELL,FURY,false,false,https://cmsassets.rgpub.io/sanity/images/dsfx7636/game_data_live/320d9f52a4f22fa3405bb9da82c4d02451d7c133-744x1039.png
Decree of Strength,VEN,1,SPELL,BODY,false,false,https://cmsassets.rgpub.io/sanity/images/dsfx7636/game_data_live/12106889f9f76914421f38e8958a248462637a22-744x1039.png
Decree of Unity,VEN,1,SPELL,ORDER,false,false,https://cmsassets.rgpub.io/sanity/images/dsfx7636/game_data_live/220161ac48f1307e4d74c372d549fea18829a86b-744x1039.png
Defender of Tomorrow,VEN,1,LEGEND,MIND&BODY,false,false,https://cmsassets.rgpub.io/sanity/images/dsfx7636/game_data_live/670b7efd367a42beba11c18fb59e240a7c574a57-744x1039.png
Defender of Tomorrow,VEN,1,LEGEND,MIND&BODY,false,false,https://cmsassets.rgpub.io/sanity/images/dsfx7636/game_data_live/f527eb9b02ce62d808ec82e12ac28af5a6bd75fb-744x1039.png
Defiant Dance,SFD,1,SPELL,CALM&CHAOS,false,false,https://cmsassets.rgpub.io/sanity/images/dsfx7636/game_data_live/6f5bc5c9e321830337998a2b85e4fec3cd8251c9-744x1039.png
Defy,OGN,1,SPELL,CALM,false,false,https://cmsassets.rgpub.io/sanity/images/dsfx7636/game_data_live/4989bfcc4bd7be77051f0c2c349a981ba9c273e0-744x1039.png
Demacian Diplomat,UNL,1,UNIT,BODY,false,false,https://cmsassets.rgpub.io/sanity/images/dsfx7636/game_data_live/dabc873f161248d3c959932ee54b5cf550c471b9-744x1039.png
Desert's Call,SFD,1,SPELL,CALM,false,false,https://cmsassets.rgpub.io/sanity/images/dsfx7636/game_data_live/b38ab6c02238b5a8e456cdad9b5108bb30e718bc-744x1039.png
Determined Sentry,UNL,1,UNIT,BODY,false,false,https://cmsassets.rgpub.io/sanity/images/dsfx7636/game_data_live/b491c050b8505c52000c5ad7bb5a0b7855fa4ad1-744x1039.png
Detonate,SFD,1,SPELL,FURY,false,false,https://cmsassets.rgpub.io/sanity/images/dsfx7636/game_data_live/e837fbd6aeeb1293386dcfa284aae5a4baca10ef-744x1039.png
"Diana, Lunari",UNL,1,UNIT,MIND,false,false,https://cmsassets.rgpub.io/sanity/images/dsfx7636/game_data_live/3e284397713abb21d2c8d9b85202ab65d21689e9-744x1039.png
"Diana, No Longer Human",VEN,1,UNIT,CHAOS,false,false,https://cmsassets.rgpub.io/sanity/images/dsfx7636/game_data_live/d5a7071e4f1af712c9bf5342ba70fbb2e359483f-744x1039.png
"Diana, No Longer Human",UNL,1,UNIT,CHAOS,false,false,https://cmsassets.rgpub.io/sanity/images/dsfx7636/game_data_live/37b015a64b6bc15e856c2d78e275b10e64db1de4-744x1039.png
Direwing,SFD,1,UNIT,BODY,false,false,https://cmsassets.rgpub.io/sanity/images/dsfx7636/game_data_live/52edf5b0f045d7c65360a8eb3c21f0954750cd1a-744x1039.png
Disarming Rake,SFD,1,UNIT,CALM,false,false,https://cmsassets.rgpub.io/sanity/images/dsfx7636/game_data_live/523732db17d8cf3c7c55f57c5dfb397b73e2b116-744x1039.png
Disciple of Shen,VEN,1,UNIT,ORDER,false,false,https://cmsassets.rgpub.io/sanity/images/dsfx7636/game_data_live/de5b6316d65297e67a97d12d7c70974f7d3ce7d6-744x1039.png
Discipline,OGN,1,SPELL,CALM,false,false,https://cmsassets.rgpub.io/sanity/images/dsfx7636/game_data_live/8b9613970b505e3ad6abe2d51d091778314a7d48-744x1039.png
Disintegrate,OGN,1,SPELL,FURY,false,false,https://cmsassets.rgpub.io/sanity/images/dsfx7636/game_data_live/a27374ac3a81f3dfefb43c3c3237c23b4883cb5a-744x1039.png
Disposal Order,UNL,1,SPELL,BODY,false,false,https://cmsassets.rgpub.io/sanity/images/dsfx7636/game_data_live/de7b7c683f16a297418bc9a326178c520f17ef2b-744x1039.png
Divine Judgment,OGN,1,SPELL,ORDER,false,false,https://cmsassets.rgpub.io/sanity/images/dsfx7636/game_data_live/995778eea2e24fdc62ade38c2baa25b9f1e6ab79-744x1039.png
Divining Shells,UNL,1,GEAR,ORDER,false,false,https://cmsassets.rgpub.io/sanity/images/dsfx7636/game_data_live/f2b626602f5db047b96cf9112474d42bf5b483e7-744x1039.png
Dominus,VEN,1,SPELL,FURY&BODY,false,false,https://cmsassets.rgpub.io/sanity/images/dsfx7636/game_data_live/0d5ccc8bb0b70473add784a3f4c71e1e8635e2ce-744x1039.png
Doran's Blade,SFD,1,GEAR,BODY,false,false,https://cmsassets.rgpub.io/sanity/images/dsfx7636/game_data_live/53fc0c307c83871c9755a496764ef7d6aa11f510-744x1039.png
Doran's Ring,SFD,1,GEAR,CHAOS,false,false,https://cmsassets.rgpub.io/sanity/images/dsfx7636/game_data_live/054df5a11967b768430a2f763e1b5d4dbbac3b50-744x1039.png
Doran's Shield,SFD,1,GEAR,CALM,false,false,https://cmsassets.rgpub.io/sanity/images/dsfx7636/game_data_live/49a24d4c6d770ed233c4a69bf8d87385bfc997d8-744x1039.png
Double Trouble,UNL,1,SPELL,CALM,false,false,https://cmsassets.rgpub.io/sanity/images/dsfx7636/game_data_live/64e977213f50471ad7b6e8664488fb9017693f71-744x1039.png
Downstage Dramatics,UNL,1,SPELL,MIND,false,false,https://cmsassets.rgpub.io/sanity/images/dsfx7636/game_data_live/d76418eabcddbea148f3331913223b79a39aabda-744x1039.png
Downwell,SFD,1,SPELL,CHAOS,false,false,https://cmsassets.rgpub.io/sanity/images/dsfx7636/game_data_live/950eff0d07ef1e25be46fdb340fe8510c551c159-744x1039.png
"Dr. Mundo, Expert",OGN,1,UNIT,MIND,false,false,https://cmsassets.rgpub.io/sanity/images/dsfx7636/game_data_live/cf51fe8bedf5139e8cc1fc062969949ea7b121f0-744x1039.png
Drag Under,SFD,1,SPELL,ORDER,false,false,https://cmsassets.rgpub.io/sanity/images/dsfx7636/game_data_live/2400881960412ada4c1d1066105f206b02f8998a-744x1039.png
Dragon Form,VEN,1,SPELL,ORDER,false,false,https://cmsassets.rgpub.io/sanity/images/dsfx7636/game_data_live/ded9b54d93d7c3ade8a1d65c8ac66a13d1246329-744x1039.png
Dragon Roost,VEN,1,BATTLEFIELD,COLORLESS,false,false,https://cmsassets.rgpub.io/sanity/images/dsfx7636/game_data_live/94558ee0292d92126829036d32495cbf702e5391-1039x744.png
Dragon's Rage,OGN,1,SPELL,CALM&BODY,false,false,https://cmsassets.rgpub.io/sanity/images/dsfx7636/game_data_live/7f4cbd4fb340cc13b3fbe0ec0db706464d9b29f4-744x1039.png
Dragonsoul Sage,UNL,1,UNIT,BODY,false,false,https://cmsassets.rgpub.io/sanity/images/dsfx7636/game_data_live/2065a3b0fef9779fed8a3d42202606a31acf59ff-744x1039.png
Dramatic Visionary,UNL,1,UNIT,MIND,false,false,https://cmsassets.rgpub.io/sanity/images/dsfx7636/game_data_live/3153c05a8c3fb4d8f945a95fad54ea25e087ad47-744x1039.png
"Draven, Audacious",SFD,1,UNIT,CHAOS,false,false,https://cmsassets.rgpub.io/sanity/images/dsfx7636/game_data_live/8247622cbe90eadada8d0660ea31d146b1207a87-744x1039.png
"Draven, Showboat",VEN,1,UNIT,FURY,false,false,https://cmsassets.rgpub.io/sanity/images/dsfx7636/game_data_live/ff8f818d7f59b549af9067e9956f25aec706587c-744x1039.png
"Draven, Showboat",OGN,1,UNIT,FURY,false,false,https://cmsassets.rgpub.io/sanity/images/dsfx7636/game_data_live/7600d6cea66e8146ea2202f72cb9035cb44608a3-744x1039.png
"Draven, Vanquisher",SFD,1,UNIT,FURY,false,false,https://cmsassets.rgpub.io/sanity/images/dsfx7636/game_data_live/8e49e0b83df68f37a15bf704b83475144fd9ef92-744x1039.png
Dredge Up,VEN,1,SPELL,MIND,false,false,https://cmsassets.rgpub.io/sanity/images/dsfx7636/game_data_live/cf561c8a0f8debde66b66d3e74ce861d0ce388ae-744x1039.png
Dropboarder,SFD,1,UNIT,MIND,false,false,https://cmsassets.rgpub.io/sanity/images/dsfx7636/game_data_live/8572e4cb5af60dd548e3b87374ff1b12840d981a-744x1039.png
Dune Drake,OGN,1,UNIT,BODY,false,false,https://cmsassets.rgpub.io/sanity/images/dsfx7636/game_data_live/ba18bf4a5fa9777a0cb5ae69cc7e6f049bbceaa0-744x1039.png
Dune Surfer,VEN,1,UNIT,FURY,false,false,https://cmsassets.rgpub.io/sanity/images/dsfx7636/game_data_live/acab9ec71d58f1e109cd8879c0fef0bdeb866432-744x1039.png
Dunebreaker,SFD,1,UNIT,FURY,false,false,https://cmsassets.rgpub.io/sanity/images/dsfx7636/game_data_live/fa17369233dfc68e011d16b7b98971a6f8743c3e-744x1039.png
Dusk Rose Lab,UNL,1,BATTLEFIELD,COLORLESS,false,false,https://cmsassets.rgpub.io/sanity/images/dsfx7636/game_data_live/fa81c474ff29b9d2c42dd4e64a5789bf793e5221-1039x744.png
Eager Apprentice,OGN,1,UNIT,MIND,false,false,https://cmsassets.rgpub.io/sanity/images/dsfx7636/game_data_live/cf6d5447ff3634d8c2c0216cb2e5802fb5ca0b2e-744x1039.png
Eager Drakehound,SFD,1,UNIT,FURY,false,false,https://cmsassets.rgpub.io/sanity/images/dsfx7636/game_data_live/ac0fac5af309842ba91b4b8d80e1abd47622e14a-744x1039.png
Eclipse,UNL,1,SPELL,MIND,false,false,https://cmsassets.rgpub.io/sanity/images/dsfx7636/game_data_live/9fcef3d1d7de3c219aabcab88d0550c9d8cd4311-744x1039.png
Eclipse Dragon,VEN,1,UNIT,FURY,false,false,https://cmsassets.rgpub.io/sanity/images/dsfx7636/game_data_live/6b7ea97973ced0e0631554ff07c726fe0a257a3c-744x1039.png
Eclipse Herald,OGN,1,UNIT,CALM,false,false,https://cmsassets.rgpub.io/sanity/images/dsfx7636/game_data_live/bbe4fec278b8960681f97da658dc2f06ee46c4bd-744x1039.png
Edge of Night,SFD,1,GEAR,CHAOS,false,false,https://cmsassets.rgpub.io/sanity/images/dsfx7636/game_data_live/b3e385162bf3566618bb58b7a866eef846beefba-744x1039.png
"Ekko, Recurrent",OGN,1,UNIT,MIND,false,false,https://cmsassets.rgpub.io/sanity/images/dsfx7636/game_data_live/65da19325b6def53d33c07bc1aa8f91fd2f1e723-744x1039.png
Elder Dragon,UNL,1,UNIT,BODY,false,false,https://cmsassets.rgpub.io/sanity/images/dsfx7636/game_data_live/fcf578e447d4e2785c8b25f3c39928b98e7b44ca-744x1039.png
Ember Monk,OGN,1,UNIT,CHAOS,false,false,https://cmsassets.rgpub.io/sanity/images/dsfx7636/game_data_live/0441f70a7acc377d8cbe08559b7a2fc3139c903b-744x1039.png
Eminent Benefactor,SFD,1,UNIT,ORDER,false,false,https://cmsassets.rgpub.io/sanity/images/dsfx7636/game_data_live/8b1a3e89fc40bb81c44f0ee232a701d85a1f209f-744x1039.png
Emperor of the Sands,SFD,1,LEGEND,CALM&ORDER,false,false,https://cmsassets.rgpub.io/sanity/images/dsfx7636/game_data_live/42c04e4d7ef5d7395494587c2e15ac945b37b71e-744x1039.png
Emperor of the Sands,SFD,1,LEGEND,CALM&ORDER,false,false,https://cmsassets.rgpub.io/sanity/images/dsfx7636/game_data_live/0472274c49f6540858758ebf9bd2f107a601541a-744x1039.png
Emperor's Dais,SFD,1,BATTLEFIELD,COLORLESS,false,false,https://cmsassets.rgpub.io/sanity/images/dsfx7636/game_data_live/c1ea4f6f58a62fc2b62647aa3459109e3d10297a-1039x744.png
Emperor's Divide,SFD,1,SPELL,CALM,false,false,https://cmsassets.rgpub.io/sanity/images/dsfx7636/game_data_live/80f367f06549d597c7b5a77be73eb647eab34f59-744x1039.png
En Garde,OGN,1,SPELL,CALM,false,false,https://cmsassets.rgpub.io/sanity/images/dsfx7636/game_data_live/03c0ec7eaa5957a62869dad2a0ce40913fc874a9-744x1039.png
Endless Riches,VEN,1,GEAR,FURY,false,false,https://cmsassets.rgpub.io/sanity/images/dsfx7636/game_data_live/e2c33bf55162086acd458775a5db3d976f137b61-744x1039.png
Energy Conduit,OGN,1,GEAR,MIND,false,false,https://cmsassets.rgpub.io/sanity/images/dsfx7636/game_data_live/f0e0a67e9e9b1d45d12d248df78b4e643b70bdc1-744x1039.png
Enthralling Protector,UNL,1,UNIT,ORDER,false,false,https://cmsassets.rgpub.io/sanity/images/dsfx7636/game_data_live/3fdfe3bc7c7f81b99aa715bf54b52930ad41dcfa-744x1039.png
Enthusiastic Promoter,UNL,1,UNIT,CALM,false,false,https://cmsassets.rgpub.io/sanity/images/dsfx7636/game_data_live/c03bdc371440cbf6de773b0b39010808bfdecea1-744x1039.png
Escaped Grayback,VEN,1,UNIT,ORDER,false,false,https://cmsassets.rgpub.io/sanity/images/dsfx7636/game_data_live/253d782f8f6d4056eebecf9617e6858fdb2e712d-744x1039.png
Esteemed Hierophant,VEN,1,UNIT,CALM,false,false,https://cmsassets.rgpub.io/sanity/images/dsfx7636/game_data_live/b47621d2b8efcee4d17de40b16c61fa06e404a2a-744x1039.png
"Evelynn, Entrancing",UNL,1,UNIT,CHAOS,false,false,https://cmsassets.rgpub.io/sanity/images/dsfx7636/game_data_live/1cea41a2b9c3de59a1c95ceacc59950be1d01907-744x1039.png
Evershade Stalker,UNL,1,UNIT,CHAOS,false,false,https://cmsassets.rgpub.io/sanity/images/dsfx7636/game_data_live/d8fb687ecdb22d7497ac55a1be0db0ba33596b43-744x1039.png
Existential Dread,UNL,1,SPELL,CHAOS,false,false,https://cmsassets.rgpub.io/sanity/images/dsfx7636/game_data_live/0a197ec3bf96e10307859e2a152c1742288b2b09-744x1039.png
Experimental Hexplate,SFD,1,GEAR,MIND,false,false,https://cmsassets.rgpub.io/sanity/images/dsfx7636/game_data_live/940a5e9796d4ac10a238d9b2612545c04bd9a570-744x1039.png
Eye of Twilight,VEN,1,LEGEND,CALM&ORDER,false,false,https://cmsassets.rgpub.io/sanity/images/dsfx7636/game_data_live/8c234c7efc30a24dc50c4b76517857bff6e1f906-744x1039.png
Eye of Twilight,VEN,1,LEGEND,CALM&ORDER,false,false,https://cmsassets.rgpub.io/sanity/images/dsfx7636/game_data_live/54388a3124b7e1f0331e5970f952778db5f24500-744x1039.png
Eye of the Herald,SFD,1,GEAR,ORDER,false,false,https://cmsassets.rgpub.io/sanity/images/dsfx7636/game_data_live/fc3e26e0e4ff94de360f1163c41641daf81c1900-744x1039.png
"Ezreal, Dashing",SFD,1,UNIT,MIND,false,false,https://cmsassets.rgpub.io/sanity/images/dsfx7636/game_data_live/3e040f7b7ca16009a2558674a911b8cc93122ba3-744x1039.png
"Ezreal, Prodigy",SFD,1,UNIT,CHAOS,false,false,https://cmsassets.rgpub.io/sanity/images/dsfx7636/game_data_live/b48d6242ceb84c3eae7109317d51efaf1e56c9c3-744x1039.png
Facebreaker,OGN,1,SPELL,ORDER,false,false,https://cmsassets.rgpub.io/sanity/images/dsfx7636/game_data_live/b7cddc717b886bb955b900ffaae4db9154a19280-744x1039.png
Factory Recall,SFD,1,SPELL,CHAOS,false,false,https://cmsassets.rgpub.io/sanity/images/dsfx7636/game_data_live/86bd2be6d0750e3444355bce229f83930825e968-744x1039.png
Fading Memories,OGN,1,SPELL,CHAOS,false,false,https://cmsassets.rgpub.io/sanity/images/dsfx7636/game_data_live/a2b366942f1a7ec1f4bd3c1b17e10356214705d7-744x1039.png
Fae Dragon,SFD,1,UNIT,BODY,false,false,https://cmsassets.rgpub.io/sanity/images/dsfx7636/game_data_live/76aeda6bf59acee92b512f4a0272892673cfce90-744x1039.png
Fae Porter,SFD,1,UNIT,CHAOS,false,false,https://cmsassets.rgpub.io/sanity/images/dsfx7636/game_data_live/4d233b11d4efb2652d7ede556dd9f730903cdba9-744x1039.png
Faithful Manufactor,OGN,1,UNIT,ORDER,false,false,https://cmsassets.rgpub.io/sanity/images/dsfx7636/game_data_live/b41107b7456a2a38d203983b1e504e3789d6b6ea-744x1039.png
Fallen Feline,VEN,1,UNIT,ORDER,false,false,https://cmsassets.rgpub.io/sanity/images/dsfx7636/game_data_live/e5d46c6d56dc14670b5e25547eeb1ee3ceca5a80-744x1039.png
Falling Comet,OGN,1,SPELL,MIND,false,false,https://cmsassets.rgpub.io/sanity/images/dsfx7636/game_data_live/eaaf300a07d5b2927fe9a601d70f2a01b512cc7e-744x1039.png
Falling Star,OGN,1,SPELL,FURY,false,false,https://cmsassets.rgpub.io/sanity/images/dsfx7636/game_data_live/9cf2d2e59e1bf839cdf5c2a77e95f5d1e871788f-744x1039.png
Fate Weaver,UNL,1,UNIT,MIND,false,false,https://cmsassets.rgpub.io/sanity/images/dsfx7636/game_data_live/ab713d332b48a7526585b0be3718fea9e9f93622-744x1039.png
Feral Strength,SFD,1,SPELL,CALM,false,false,https://cmsassets.rgpub.io/sanity/images/dsfx7636/game_data_live/f07842b38914f6bc73235fe07788a3fce89b4785-744x1039.png
Ferrous Forerunner,SFD,1,UNIT,FURY,false,false,https://cmsassets.rgpub.io/sanity/images/dsfx7636/game_data_live/b2873a352c0158a677255894cec458d1c17709f7-744x1039.png
Field Musicians,VEN,1,UNIT,CALM,false,false,https://cmsassets.rgpub.io/sanity/images/dsfx7636/game_data_live/e880946b6c99023d9fb1e9aa7d23a0c673b0f6ac-744x1039.png
Fight or Flight,OGN,1,SPELL,CHAOS,false,false,https://cmsassets.rgpub.io/sanity/images/dsfx7636/game_data_live/2e7c7ad72889878e2dd5932d203814b185e74a87-744x1039.png
Final Spark,OGS,1,SPELL,MIND&ORDER,false,false,https://cmsassets.rgpub.io/sanity/images/dsfx7636/game_data_live/4558a2dc1bb1f1b8a73ec0d82244654e84b12687-744x1039.png
Find Your Center,OGN,1,SPELL,CALM,false,false,https://cmsassets.rgpub.io/sanity/images/dsfx7636/game_data_live/cd9d798b496fdce133c5b0106d636a230b6e7ebe-744x1039.png
"Fiora, Peerless",SFD,1,UNIT,BODY,false,false,https://cmsassets.rgpub.io/sanity/images/dsfx7636/game_data_live/3fb80fed6fb916f47b7cebd5b31a970f1d0d562a-744x1039.png
"Fiora, Victorious",OGN,1,UNIT,ORDER,false,false,https://cmsassets.rgpub.io/sanity/images/dsfx7636/game_data_live/24d4d1997e6a5b145412e402fc69399d590ecda0-744x1039.png
"Fiora, Worthy",SFD,1,UNIT,ORDER,false,false,https://cmsassets.rgpub.io/sanity/images/dsfx7636/game_data_live/7339e76b7796242a15e97cfddbe04c32d5a05063-744x1039.png
Fire Below the Mountain,SFD,1,LEGEND,CALM&MIND,false,false,https://cmsassets.rgpub.io/sanity/images/dsfx7636/game_data_live/883dab66da8ed5ab39d968ed7fcaebd5ebaf3d43-744x1039.png
Fire Below the Mountain,SFD,1,LEGEND,CALM&MIND,false,false,https://cmsassets.rgpub.io/sanity/images/dsfx7636/game_data_live/ed58d654034d545e54c85d836f3a6552772dd75b-744x1039.png
Firestorm,OGS,1,SPELL,FURY,false,false,https://cmsassets.rgpub.io/sanity/images/dsfx7636/game_data_live/a7a34129e64f0296bf2da166c2b06ed156d568db-744x1039.png
First Mate,OGN,1,UNIT,BODY,false,false,https://cmsassets.rgpub.io/sanity/images/dsfx7636/game_data_live/85e2b436ea482d53563cc5fa955f2a867ee6c32f-744x1039.png
"Fizz, Trickster",SFD,1,UNIT,CHAOS,false,false,https://cmsassets.rgpub.io/sanity/images/dsfx7636/game_data_live/6d1c6615fb6ef5fb520a35b2ce76f8feee9167dc-744x1039.png
Flame Chompers,OGN,1,UNIT,FURY,false,false,https://cmsassets.rgpub.io/sanity/images/dsfx7636/game_data_live/1f6f5ebd18e5daac30d62626fddd785c4b457c2b-744x1039.png
Flash,OGS,1,SPELL,CHAOS,false,false,https://cmsassets.rgpub.io/sanity/images/dsfx7636/game_data_live/4d9cc1c13b75933e509e642213f13359350cd3f9-744x1039.png
Flurry of Blades,OGN,1,SPELL,BODY,false,false,https://cmsassets.rgpub.io/sanity/images/dsfx7636/game_data_live/c72f872e7e71b55b2074c5be4f2d7a44fa6fafca-744x1039.png
Flurry of Feathers,UNL,1,SPELL,CALM,false,false,https://cmsassets.rgpub.io/sanity/images/dsfx7636/game_data_live/77bd864b29f4975868e557e31a39b94d06a4ecb2-744x1039.png
Forbidding Waste,UNL,1,BATTLEFIELD,COLORLESS,false,false,https://cmsassets.rgpub.io/sanity/images/dsfx7636/game_data_live/83dbc88d462da85be9398c790e88ff13da8637d4-1039x744.png
Forecaster,SFD,1,UNIT,MIND,false,false,https://cmsassets.rgpub.io/sanity/images/dsfx7636/game_data_live/3f58f0c58503e4f8caecb7ea7f77b478a1e92961-744x1039.png
Forge of the Fluft,SFD,1,BATTLEFIELD,COLORLESS,false,false,https://cmsassets.rgpub.io/sanity/images/dsfx7636/game_data_live/6ad10353e7fc1337d8cc79086f8eaac1c75f5598-1039x744.png
Forge of the Future,OGN,1,GEAR,ORDER,false,false,https://cmsassets.rgpub.io/sanity/images/dsfx7636/game_data_live/8e6a76d28590bcd835b0a9a1e806fe0fa6883141-744x1039.png
Forgefire Cape,SFD,1,GEAR,CALM&MIND,false,false,https://cmsassets.rgpub.io/sanity/images/dsfx7636/game_data_live/9bc49433a6ec5a8f4f1b44351094523d51b6bc11-744x1039.png
Forgotten Library,UNL,1,BATTLEFIELD,COLORLESS,false,false,https://cmsassets.rgpub.io/sanity/images/dsfx7636/game_data_live/a7905fb94abe453f05a4108cf5424fd1ca50f6de-1039x744.png
Forgotten Monument,SFD,1,BATTLEFIELD,COLORLESS,false,false,https://cmsassets.rgpub.io/sanity/images/dsfx7636/game_data_live/b0c98558fccd68c9ac93cd5b3412c31c68b5ace9-1039x744.png
Forgotten Relic,VEN,1,GEAR,CHAOS,false,false,https://cmsassets.rgpub.io/sanity/images/dsfx7636/game_data_live/e249b3c2a7f652dfb7549604f600792df11835b4-744x1039.png
Forgotten Signpost,UNL,1,GEAR,CALM,false,false,https://cmsassets.rgpub.io/sanity/images/dsfx7636/game_data_live/edf248974d1d97ff5ff1c6745f663fa059dbc82d-744x1039.png
Forsaken Baccai,VEN,1,UNIT,FURY,false,false,https://cmsassets.rgpub.io/sanity/images/dsfx7636/game_data_live/33d3e7840280e2780687057f08f30312a56d230f-744x1039.png
Fortified Position,OGN,1,BATTLEFIELD,COLORLESS,false,false,https://cmsassets.rgpub.io/sanity/images/dsfx7636/game_data_live/45363bbd907f4f3717868cb04b3cfed814b3bb32-1038x744.png
Fox-Fire,OGN,1,SPELL,CALM&MIND,false,false,https://cmsassets.rgpub.io/sanity/images/dsfx7636/game_data_live/7ad9d6a46a1c54080d54950a0044da3a82e32b45-744x1039.png
Fresh Beans,UNL,1,GEAR,FURY,false,false,https://cmsassets.rgpub.io/sanity/images/dsfx7636/game_data_live/1737d7d02cd0619a520aba258d1b40fdbb5d1129-744x1039.png
Fretful Feline,VEN,1,UNIT,BODY,false,false,https://cmsassets.rgpub.io/sanity/images/dsfx7636/game_data_live/24370c9e33705b393c40f426e221ae851a65dd05-744x1039.png
Friendship,UNL,1,SPELL,CALM,false,false,https://cmsassets.rgpub.io/sanity/images/dsfx7636/game_data_live/4a1a08ec8c23a2663babd2fc683481888347407a-744x1039.png
Frigid Jewel,UNL,1,GEAR,MIND,false,false,https://cmsassets.rgpub.io/sanity/images/dsfx7636/game_data_live/f1a6c28649bf4478b4728379b6d548058739f0e9-744x1039.png
Frigid Touch,SFD,1,SPELL,MIND,false,false,https://cmsassets.rgpub.io/sanity/images/dsfx7636/game_data_live/1caaf42d4cc12ab9acc57dc8c572448f8d8dd34d-744x1039.png
Frisky Hunter,UNL,1,UNIT,CALM,false,false,https://cmsassets.rgpub.io/sanity/images/dsfx7636/game_data_live/6bf8978ca42fa50a60067e74364b3caf78b3e928-744x1039.png
Frostcoat Cub,SFD,1,UNIT,MIND,false,false,https://cmsassets.rgpub.io/sanity/images/dsfx7636/game_data_live/0b5f1f6ed65e070d2878b8aa21fd95e43688fc1d-744x1039.png
Frostcoat Mother,VEN,1,UNIT,CALM,false,false,https://cmsassets.rgpub.io/sanity/images/dsfx7636/game_data_live/38e2b4f12346a1af420f875c0a5f922c56c4140f-744x1039.png
Frozen Fortress,UNL,1,BATTLEFIELD,COLORLESS,false,false,https://cmsassets.rgpub.io/sanity/images/dsfx7636/game_data_live/b5e33fdb4ddc8c73e03bca648862fc080aa8bbcf-1039x744.png
Fury Rune,OGN,1,RUNE,FURY,false,false,https://cmsassets.rgpub.io/sanity/images/dsfx7636/game_data_live/12bcd0cde5d9ff4640e82945001e9fef863530f1-744x1039.png
"Galio, Indefatigable",UNL,1,UNIT,ORDER,false,false,https://cmsassets.rgpub.io/sanity/images/dsfx7636/game_data_live/fc3f1248dc4a02ce90ce172c3b3d5ec35e5f14c3-744x1039.png
"Gangplank, Naval",VEN,1,UNIT,BODY,false,false,https://cmsassets.rgpub.io/sanity/images/dsfx7636/game_data_live/f270a3ecc4850594513c45d145f2b855152e2cb7-744x1039.png
"Gangplank, Naval",VEN,1,UNIT,BODY,false,false,https://cmsassets.rgpub.io/sanity/images/dsfx7636/game_data_live/9d9fd99b083fb7104d533ca0eccb43a47c2cc74a-744x1039.png
Garbage Grabber,OGN,1,GEAR,MIND,false,false,https://cmsassets.rgpub.io/sanity/images/dsfx7636/game_data_live/199f21237aeee2582904463a15ec62ce29452c10-744x1039.png
Gardens of Becoming,UNL,1,BATTLEFIELD,COLORLESS,false,false,https://cmsassets.rgpub.io/sanity/images/dsfx7636/game_data_live/0497a44ab302ea055b6f1f0d00a36c8023ed2344-1039x744.png
"Garen, Commander",OGS,1,UNIT,ORDER,false,false,https://cmsassets.rgpub.io/sanity/images/dsfx7636/game_data_live/cbf2c12d69a86566e4cda07050b2d4495e40187e-744x1039.png
"Garen, Rugged",OGS,1,UNIT,BODY,false,false,https://cmsassets.rgpub.io/sanity/images/dsfx7636/game_data_live/67c22dc29a7a28dabe0f169a7848c25bef1fbda4-744x1039.png
Gearhead,SFD,1,UNIT,MIND,false,false,https://cmsassets.rgpub.io/sanity/images/dsfx7636/game_data_live/355b97bf135b8c60afabca7e4c6ecbf1aa25b4d9-744x1039.png
Gem Jammer,SFD,1,UNIT,FURY,false,false,https://cmsassets.rgpub.io/sanity/images/dsfx7636/game_data_live/9f487e8a76e6e6b9f2e32de0c9c147be42f49e59-744x1039.png
Gemcraft Seer,OGN,1,UNIT,MIND,false,false,https://cmsassets.rgpub.io/sanity/images/dsfx7636/game_data_live/4b6965bd592a5f602ab932094d677b6c85b2372b-744x1039.png
Gemhand Hunter,UNL,1,UNIT,BODY,false,false,https://cmsassets.rgpub.io/sanity/images/dsfx7636/game_data_live/d824d666dc5f50c3c513c3f9722f6eafe21c6289-744x1039.png
Gentle Gemdragon,UNL,1,UNIT,BODY,false,false,https://cmsassets.rgpub.io/sanity/images/dsfx7636/game_data_live/65fcaff267b7f27cbda09ad23f2449188195d28e-744x1039.png
Gentlemen's Duel,OGS,1,SPELL,BODY,false,false,https://cmsassets.rgpub.io/sanity/images/dsfx7636/game_data_live/4568ab827fdcd42d6bb86b1c2de6182e286c9ee9-744x1039.png
Get Excited!,OGN,1,SPELL,FURY,false,false,https://cmsassets.rgpub.io/sanity/images/dsfx7636/game_data_live/2906c932c482af17fbb2979a8c42a6992f95d6a6-744x1039.png
Glasc Mixologist,SFD,1,UNIT,ORDER,false,false,https://cmsassets.rgpub.io/sanity/images/dsfx7636/game_data_live/e7422fee71796aa61f8d9691d07654b901fc20f2-744x1039.png
Gloomist,UNL,1,LEGEND,CALM&CHAOS,false,false,https://cmsassets.rgpub.io/sanity/images/dsfx7636/game_data_live/d044ea46fa38cff80c39fdb0b890dd7226c22b89-744x1039.png
Gloomist,UNL,1,LEGEND,CALM&CHAOS,false,false,https://cmsassets.rgpub.io/sanity/images/dsfx7636/game_data_live/653e9b8fc4989bba59aa7ade4e0c33ffd5596e5a-744x1039.png
Glorious Executioner,SFD,1,LEGEND,FURY&CHAOS,false,false,https://cmsassets.rgpub.io/sanity/images/dsfx7636/game_data_live/5a06fcd2cadbdb574d34d210ca97441ec33c9277-744x1039.png
Glorious Executioner,SFD,1,LEGEND,FURY&CHAOS,false,false,https://cmsassets.rgpub.io/sanity/images/dsfx7636/game_data_live/b01b2d0454ceeffdc106c4c64a390b275ebf390b-744x1039.png
Glowstone,VEN,1,GEAR,ORDER,false,false,https://cmsassets.rgpub.io/sanity/images/dsfx7636/game_data_live/6426e9c2b168f0dde5430d5bc57108a0cc2bcebb-744x1039.png
Grand Duelist,SFD,1,LEGEND,BODY&ORDER,false,false,https://cmsassets.rgpub.io/sanity/images/dsfx7636/game_data_live/37064aa79c13316b5dd28f0a2b054821a43f6650-744x1039.png
Grand Duelist,SFD,1,LEGEND,BODY&ORDER,false,false,https://cmsassets.rgpub.io/sanity/images/dsfx7636/game_data_live/720df5a56619a6b53aa1217cb84446f2469b40e5-744x1039.png
Grand Strategem,OGN,1,SPELL,ORDER,false,false,https://cmsassets.rgpub.io/sanity/images/dsfx7636/game_data_live/bda7514aefa94ac3f368690cdd2d0f955d44c089-744x1039.png
Grandmaster at Arms,SFD,1,LEGEND,CALM&BODY,false,false,https://cmsassets.rgpub.io/sanity/images/dsfx7636/game_data_live/c6ddf49d7249bc8ac194fd9b194bfcb8857a4466-744x1039.png
Grandmaster at Arms,SFD,1,LEGEND,CALM&BODY,false,false,https://cmsassets.rgpub.io/sanity/images/dsfx7636/game_data_live/941f72a422e0143524b3dd0cba1fd87e4286ecb4-744x1039.png
Green Father,UNL,1,LEGEND,CALM&ORDER,false,false,https://cmsassets.rgpub.io/sanity/images/dsfx7636/game_data_live/a2ca02d26c1e95db03690729bd31113bda7e4140-744x1039.png
Green Father,UNL,1,LEGEND,CALM&ORDER,false,false,https://cmsassets.rgpub.io/sanity/images/dsfx7636/game_data_live/d200178cde5075990f7ca1856675d02c4c2538be-744x1039.png
Grim Apothecary,UNL,1,UNIT,FURY,false,false,https://cmsassets.rgpub.io/sanity/images/dsfx7636/game_data_live/af548bbfc856e306c5feefb34eb6bd9a4e442904-744x1039.png
Grim Resolve,UNL,1,SPELL,BODY,false,false,https://cmsassets.rgpub.io/sanity/images/dsfx7636/game_data_live/4705a4ef2589f2a82021f1b70dcdb7e289a88fdf-744x1039.png
Grove of the God-Willow,OGN,1,BATTLEFIELD,COLORLESS,false,false,https://cmsassets.rgpub.io/sanity/images/dsfx7636/game_data_live/1574863000ab23d69cbd388a32b1a09f29f78d5f-1038x744.png
Grumpy Rockbear,VEN,1,UNIT,MIND,false,false,https://cmsassets.rgpub.io/sanity/images/dsfx7636/game_data_live/2f7f3759c59746486a5f91b8452302fa59eddde6-744x1039.png
Guardian Angel,SFD,1,GEAR,CALM,false,false,https://cmsassets.rgpub.io/sanity/images/dsfx7636/game_data_live/d09a797345659a1853d6d12910cf3c634990ea0c-744x1039.png
Guardian of the Passage,SFD,1,UNIT,CALM,false,false,https://cmsassets.rgpub.io/sanity/images/dsfx7636/game_data_live/f6b932aa510c92d014422d31e27b1505e54abe20-744x1039.png
Guards!,SFD,1,SPELL,ORDER,false,false,https://cmsassets.rgpub.io/sanity/images/dsfx7636/game_data_live/1dc4fef81d018c6cf14f0344b51ebcdec968aab9-744x1039.png
Guerilla Warfare,OGN,1,SPELL,MIND&CHAOS,false,false,https://cmsassets.rgpub.io/sanity/images/dsfx7636/game_data_live/3a1f70e49f1fdbac907a3395f517e96717e8afea-744x1039.png
Gust,OGN,1,SPELL,CHAOS,false,false,https://cmsassets.rgpub.io/sanity/images/dsfx7636/game_data_live/dfd3b161ab76ba0c5d503384f1289b3395434b10-744x1039.png
Gust Monk,VEN,1,UNIT,CHAOS,false,false,https://cmsassets.rgpub.io/sanity/images/dsfx7636/game_data_live/93a194c0c1f055c0b3bc3c0717cbe488749fed92-744x1039.png
Gustwalker,UNL,1,UNIT,MIND,false,false,https://cmsassets.rgpub.io/sanity/images/dsfx7636/game_data_live/3f314cea0c05d2ea274a81d723299e4e20b2ebde-744x1039.png
Gutter Palace,UNL,1,GEAR,MIND,false,false,https://cmsassets.rgpub.io/sanity/images/dsfx7636/game_data_live/f1addf7bb3925871cbcf4615f5a449dc61f762da-744x1039.png
Guttural Roar,VEN,1,SPELL,BODY,false,false,https://cmsassets.rgpub.io/sanity/images/dsfx7636/game_data_live/891f0f85b039b16593865c74b90b0640a312e59b-744x1039.png
Hall of Legends,SFD,1,BATTLEFIELD,COLORLESS,false,false,https://cmsassets.rgpub.io/sanity/images/dsfx7636/game_data_live/3b6438877bd2bd95e7a3a8921ddf6bca26d3fd95-1039x744.png
Hallowed Tomb,OGN,1,BATTLEFIELD,COLORLESS,false,false,https://cmsassets.rgpub.io/sanity/images/dsfx7636/game_data_live/3e37a8cafd836680f82c31894de7f84818ebd952-1038x744.png
Hand Hammer,VEN,1,GEAR,CALM,false,false,https://cmsassets.rgpub.io/sanity/images/dsfx7636/game_data_live/524fedb9116db0eb62380c03e0853c342c53daeb-744x1039.png
Hand of Noxus,OGN,1,LEGEND,FURY&ORDER,false,false,https://cmsassets.rgpub.io/sanity/images/dsfx7636/game_data_live/5b9a904048b7fb936377844ec2d31564b7fedf81-744x1039.png
Hand of Noxus,OGN,1,LEGEND,FURY&ORDER,false,false,https://cmsassets.rgpub.io/sanity/images/dsfx7636/game_data_live/37d43efe09ccfe5d72ce37fdc27599bd5ef736af-1488x2078.png
Hard Bargain,SFD,1,SPELL,CHAOS,false,false,https://cmsassets.rgpub.io/sanity/images/dsfx7636/game_data_live/2b09887a6e0d2f109aefea62ca6744488794c233-744x1039.png
Harnessed Dragon,OGN,1,UNIT,ORDER,false,false,https://cmsassets.rgpub.io/sanity/images/dsfx7636/game_data_live/00bc15bc1c2f5b8e6d1713819998df1c04864dcb-744x1039.png
Harpoon Squad,SFD,1,UNIT,CHAOS,false,false,https://cmsassets.rgpub.io/sanity/images/dsfx7636/game_data_live/f50d32a202375bf09781ae578db107abe84937e0-744x1039.png
Heart of Dark Ice,SFD,1,GEAR,CALM,false,false,https://cmsassets.rgpub.io/sanity/images/dsfx7636/game_data_live/73d8251c3bd8f7cd77010e9628515cd7fa462386-744x1039.png
Heart of the Tempest,VEN,1,LEGEND,ORDER&CHAOS,false,false,https://cmsassets.rgpub.io/sanity/images/dsfx7636/game_data_live/0eab83392b310417d2630d50a3bfee3dd02b31c4-744x1039.png
Heart of the Tempest,VEN,1,LEGEND,ORDER&CHAOS,false,false,https://cmsassets.rgpub.io/sanity/images/dsfx7636/game_data_live/f208ffb2ee76827cd4c608bcc8e1bcb9380bfa31-744x1039.png
Heedless Resurrection,UNL,1,SPELL,CHAOS,false,false,https://cmsassets.rgpub.io/sanity/images/dsfx7636/game_data_live/92419d138824a7d46155b59f0e5903196d68d9f7-744x1039.png
"Heimerdinger, Inventor",OGN,1,UNIT,MIND,false,false,https://cmsassets.rgpub.io/sanity/images/dsfx7636/game_data_live/5b14a5f9d567c90329c151a8cc72d870b47b1434-744x1039.png
"Heisho, Shell of the World",VEN,1,BATTLEFIELD,COLORLESS,false,false,https://cmsassets.rgpub.io/sanity/images/dsfx7636/game_data_live/075d4b78c065a96845ac978c86af3a3349cb5501-1039x744.png
Helm of Suppression,VEN,1,GEAR,CALM,false,false,https://cmsassets.rgpub.io/sanity/images/dsfx7636/game_data_live/ecfe67bbdc04f5c16a845ccc7a1b8d534195ca70-744x1039.png
Herald of Scales,OGN,1,UNIT,BODY,false,false,https://cmsassets.rgpub.io/sanity/images/dsfx7636/game_data_live/be49bceea1d328769774fb4daac4732861f6e4fd-744x1039.png
Herald of Spring,UNL,1,UNIT,CALM,false,false,https://cmsassets.rgpub.io/sanity/images/dsfx7636/game_data_live/5bf7ba27b809d22296deb755b6f5324ac46a5a20-744x1039.png
Herald of the Arcane,OGN,1,LEGEND,MIND&ORDER,false,false,https://cmsassets.rgpub.io/sanity/images/dsfx7636/game_data_live/a39902058db800a4318f3333dddb8a62a8751d7c-1488x2078.png
Herald of the Arcane,OGN,1,LEGEND,MIND&ORDER,false,false,https://cmsassets.rgpub.io/sanity/images/dsfx7636/game_data_live/913236dabf1e4f71650bbba46870fff8163e2eff-744x1039.png
Here to Help,SFD,1,SPELL,BODY,false,false,https://cmsassets.rgpub.io/sanity/images/dsfx7636/game_data_live/6daa8caf27f76f2b0bce189fb9df196129582afa-744x1039.png
Heroic Charge,UNL,1,SPELL,ORDER,false,false,https://cmsassets.rgpub.io/sanity/images/dsfx7636/game_data_live/944b89db8a7f7961a28e66ec4fb7d30bb863f324-744x1039.png
Hexdrinker,SFD,1,GEAR,BODY,false,false,https://cmsassets.rgpub.io/sanity/images/dsfx7636/game_data_live/e7fdd555cbf9ef8c4ff8bd3ba38d187842de563d-744x1039.png
Hextech Anomaly,SFD,1,GEAR,MIND,false,false,https://cmsassets.rgpub.io/sanity/images/dsfx7636/game_data_live/32a46943778755e2b6210e5adb4507780f08e2c8-744x1039.png
Hextech Disc,VEN,1,GEAR,BODY,false,false,https://cmsassets.rgpub.io/sanity/images/dsfx7636/game_data_live/36acfeb7da10f1254e962b7bacda3e6ea559fe53-744x1039.png
Hextech Formula,VEN,1,GEAR,MIND,false,false,https://cmsassets.rgpub.io/sanity/images/dsfx7636/game_data_live/95f4ee0625dda4213847e6649465397be03c8bd1-744x1039.png
Hextech Gauntlets,UNL,1,GEAR,FURY&ORDER,false,false,https://cmsassets.rgpub.io/sanity/images/dsfx7636/game_data_live/22755fc744a79fbdcce0ceadfe20d6d0a2b8624a-744x1039.png
Hextech Ray,OGN,1,SPELL,FURY,false,false,https://cmsassets.rgpub.io/sanity/images/dsfx7636/game_data_live/1e7d12693822c38377ddc8f15db23e2f9b6d560a-744x1039.png
Hidden Blade,OGN,1,SPELL,ORDER,false,false,https://cmsassets.rgpub.io/sanity/images/dsfx7636/game_data_live/0437ab8a0b67f43ef5483a103bbae9e57fd05822-744x1039.png
Highlander,OGS,1,SPELL,CALM&BODY,false,false,https://cmsassets.rgpub.io/sanity/images/dsfx7636/game_data_live/18c0818cbbfdf26a1237b4f7703b1f035f47b014-744x1039.png
Honest Broker,SFD,1,UNIT,ORDER,false,false,https://cmsassets.rgpub.io/sanity/images/dsfx7636/game_data_live/b3cc9bb93888f6f276f674baa16a0e53c724ae99-744x1039.png
Honeyfruit,UNL,1,GEAR,CALM,false,false,https://cmsassets.rgpub.io/sanity/images/dsfx7636/game_data_live/4794052d16d88b12861b348a466673ace098c32e-744x1039.png
Horns of the Dragon,VEN,1,UNIT,ORDER,false,false,https://cmsassets.rgpub.io/sanity/images/dsfx7636/game_data_live/a7b3cb9f4175e71bc8fb60e69c55a0ea3f26fe8f-744x1039.png
Hostile Takeover,SFD,1,SPELL,MIND&ORDER,false,false,https://cmsassets.rgpub.io/sanity/images/dsfx7636/game_data_live/56651a87166df7108ce9f945bd71390d4926770a-744x1039.png
Hungry Wolf,VEN,1,UNIT,ORDER,false,false,https://cmsassets.rgpub.io/sanity/images/dsfx7636/game_data_live/464b4e2edfd526a3b72a80ab05bc9630b7057c22-744x1039.png
Hunter's Machete,UNL,1,GEAR,BODY,false,false,https://cmsassets.rgpub.io/sanity/images/dsfx7636/game_data_live/374fd9220c204810c2b1abd48217b4d233362753-744x1039.png
"Hwei, Brooding Painter",UNL,1,UNIT,MIND,false,false,https://cmsassets.rgpub.io/sanity/images/dsfx7636/game_data_live/ddbb13ba5617cc443b9a3a51485b1697da570121-744x1039.png
Iascylla,UNL,1,UNIT,CALM,false,false,https://cmsassets.rgpub.io/sanity/images/dsfx7636/game_data_live/debdbfa22e4e75822fe1fbf0e7ab14bccbbdf191-744x1039.png
Icathian Rain,OGN,1,SPELL,FURY&MIND,false,false,https://cmsassets.rgpub.io/sanity/images/dsfx7636/game_data_live/8df37f633d3da734f3f2d85808a7cb9eadec1b04-744x1039.png
Icevale Archer,UNL,1,UNIT,MIND,false,false,https://cmsassets.rgpub.io/sanity/images/dsfx7636/game_data_live/c14db2ae064ccee80d8ec373f9fe9b4f44776e3e-744x1039.png
"Illaoi, Prophet of the Great Kraken",VEN,1,UNIT,CHAOS,false,false,https://cmsassets.rgpub.io/sanity/images/dsfx7636/game_data_live/86fccf469e67fb89312e0c860842e2801a8b12e7-744x1039.png
"Illaoi, Prophet of the Great Kraken",VEN,1,UNIT,CHAOS,false,false,https://cmsassets.rgpub.io/sanity/images/dsfx7636/game_data_live/a50aadbfd6f435433a80b12da9826fa0a6bd8172-744x1039.png
Immortal Phoenix,OGN,1,UNIT,FURY,false,false,https://cmsassets.rgpub.io/sanity/images/dsfx7636/game_data_live/7b623ae985bf5f362b6d8d4a17e9b8146aeae3c3-744x1039.png
Imperial Decree,OGN,1,SPELL,ORDER,false,false,https://cmsassets.rgpub.io/sanity/images/dsfx7636/game_data_live/fc6ab617f1ce20c82ed76dc6446d42d416c08b34-744x1039.png
Imposing Challenger,UNL,1,UNIT,BODY,false,false,https://cmsassets.rgpub.io/sanity/images/dsfx7636/game_data_live/01596f6039ef5618fae686e1c7df291e1c570fc3-744x1039.png
Incinerate,OGS,1,SPELL,FURY,false,false,https://cmsassets.rgpub.io/sanity/images/dsfx7636/game_data_live/46e4eaada1412f9b6c24751bdb3932c6a51e905f-744x1039.png
Inferna,UNL,1,UNIT,FURY,false,false,https://cmsassets.rgpub.io/sanity/images/dsfx7636/game_data_live/5db9d66fc22887e8686a13ffdfe480106cbd3b35-744x1039.png
Insightful Investigator,UNL,1,UNIT,CHAOS,false,false,https://cmsassets.rgpub.io/sanity/images/dsfx7636/game_data_live/3540a748211afd35b9ef4873dae0850c238fa964-744x1039.png
Invert Timelines,OGN,1,SPELL,CHAOS,false,false,https://cmsassets.rgpub.io/sanity/images/dsfx7636/game_data_live/b916326fdcf61af4630d953c7540a4aa97e6db01-744x1039.png
Inviolus Vox,UNL,1,UNIT,FURY,false,false,https://cmsassets.rgpub.io/sanity/images/dsfx7636/game_data_live/9b742ef3dc17f5da03d41e3349839037183b5ea9-744x1039.png
"Irelia, Fervent",SFD,1,UNIT,CALM,false,false,https://cmsassets.rgpub.io/sanity/images/dsfx7636/game_data_live/fe05fa55781f8036f8bfc9c10bba94326a0c8cc9-744x1039.png
"Irelia, Fervent",SFD,1,UNIT,CALM,false,false,https://cmsassets.rgpub.io/sanity/images/dsfx7636/game_data_live/40454a8534f7c9444bafd000ffbfc0e5bcc847f0-744x1039.png
"Irelia, Fervent",VEN,1,UNIT,CALM,false,false,https://cmsassets.rgpub.io/sanity/images/dsfx7636/game_data_live/45d83debda443f1bf88e1cf7123eb8b844143124-744x1039.png
"Irelia, Graceful",SFD,1,UNIT,CHAOS,false,false,https://cmsassets.rgpub.io/sanity/images/dsfx7636/game_data_live/03b9d73a7ef02447d7f4b67381a76616249061cc-744x1039.png
Iron Ballista,OGN,1,GEAR,FURY,false,false,https://cmsassets.rgpub.io/sanity/images/dsfx7636/game_data_live/9b5cfe757b6067994e17e284eba46433880a1461-744x1039.png
Irresistible Faefolk,UNL,1,UNIT,BODY,false,false,https://cmsassets.rgpub.io/sanity/images/dsfx7636/game_data_live/6834e4b00a22dd6d7476d36884b43cf59b60c611-744x1039.png
Isolate,UNL,1,SPELL,CHAOS,false,false,https://cmsassets.rgpub.io/sanity/images/dsfx7636/game_data_live/bde23f07e4869fa96b14fcab329e782894b1e1e3-744x1039.png
Iterative Design,VEN,1,SPELL,MIND,false,false,https://cmsassets.rgpub.io/sanity/images/dsfx7636/game_data_live/8d85a05075f95b63832ed7aa15620041eacb49d3-744x1039.png
"Ivern, Friend to All",UNL,1,UNIT,ORDER,false,false,https://cmsassets.rgpub.io/sanity/images/dsfx7636/game_data_live/e450956e0561ddca36558d095b71d3b60dff8b03-744x1039.png
"Ivern, Nurturer",UNL,1,UNIT,CALM,false,false,https://cmsassets.rgpub.io/sanity/images/dsfx7636/game_data_live/a72b08dd57422d3441df88eb61c000cdb4ac688a-744x1039.png
Jae Medarda,SFD,1,UNIT,CHAOS,false,false,https://cmsassets.rgpub.io/sanity/images/dsfx7636/game_data_live/92eac6bb020a068d9c1668b59ecaaeab05112b3f-744x1039.png
Jagged Cutlass,VEN,1,GEAR,BODY,false,false,https://cmsassets.rgpub.io/sanity/images/dsfx7636/game_data_live/22aae23e1ac1797beb50f3f735becfe65b51ee02-744x1039.png
"Janna, Savior",SFD,1,UNIT,CALM,false,false,https://cmsassets.rgpub.io/sanity/images/dsfx7636/game_data_live/191f04059bbfd69dfe63d36010586597bb3549b2-744x1039.png
Jaull-Fish,SFD,1,UNIT,BODY,false,false,https://cmsassets.rgpub.io/sanity/images/dsfx7636/game_data_live/56a31630910179a1fb2f2ddf3e6e5c9627bddf5e-744x1039.png
"Jax, Unmatched",SFD,1,UNIT,CALM,false,false,https://cmsassets.rgpub.io/sanity/images/dsfx7636/game_data_live/3d425589c74dbff818fa09db134fdd8bb7136420-744x1039.png
"Jax, Unrelenting",SFD,1,UNIT,BODY,false,false,https://cmsassets.rgpub.io/sanity/images/dsfx7636/game_data_live/e63ab3370a6e4ce4baddfba12ab92468f6cc9541-744x1039.png
"Jayce, Brilliant Inventor",VEN,1,UNIT,MIND,false,false,https://cmsassets.rgpub.io/sanity/images/dsfx7636/game_data_live/123e949085a63fdb6e1590ff0e519cab5758688b-744x1039.png
"Jayce, Hammer in Hand",VEN,1,UNIT,BODY,false,false,https://cmsassets.rgpub.io/sanity/images/dsfx7636/game_data_live/2dcecc0aab2b62e48388177cc27d220fd70b8a78-744x1039.png
"Jayce, Man of Progress",SFD,1,UNIT,MIND,false,false,https://cmsassets.rgpub.io/sanity/images/dsfx7636/game_data_live/b508fa4e52ebbd5f66e1fc7df28cfb70acdfe1f5-744x1039.png
"Jayce, Man of Progress",VEN,1,UNIT,MIND,false,false,https://cmsassets.rgpub.io/sanity/images/dsfx7636/game_data_live/be6d6a608c5bee9d2012e24d9e6f6f1d1977a37a-744x1039.png
Jeweled Colossus,OGN,1,UNIT,MIND,false,false,https://cmsassets.rgpub.io/sanity/images/dsfx7636/game_data_live/775bea14038165fd9feb15c796ed84aa00a032e1-744x1039.png
"Jhin, Meticulous Killer",UNL,1,UNIT,MIND,false,false,https://cmsassets.rgpub.io/sanity/images/dsfx7636/game_data_live/88fb6023ee9bd90fef3f36995ca27615dcd669f7-744x1039.png
"Jhin, Murderous Artist",UNL,1,UNIT,FURY,false,false,https://cmsassets.rgpub.io/sanity/images/dsfx7636/game_data_live/8da724a842cf61cb24c3c02dd99adc93a9222e06-744x1039.png
"Jinx, Demolitionist",VEN,1,UNIT,FURY,false,false,https://cmsassets.rgpub.io/sanity/images/dsfx7636/game_data_live/3a7304f3c9897967812940838e978e54e251e545-744x1039.png
"Jinx, Demolitionist",OGN,1,UNIT,FURY,false,false,https://cmsassets.rgpub.io/sanity/images/dsfx7636/game_data_live/d6cac988aa7798945e550eba6841d3993868c4a4-744x1039.png
"Jinx, Rebel",OGN,1,UNIT,CHAOS,false,false,https://cmsassets.rgpub.io/sanity/images/dsfx7636/game_data_live/a7fe105f40df66525be51bd18e25506945a7b027-744x1039.png
Kadregrin the Infernal,OGN,1,UNIT,FURY,false,false,https://cmsassets.rgpub.io/sanity/images/dsfx7636/game_data_live/733c32b1fccc7e2983cbb3586358152f90a6df04-744x1039.png
"Kai'Sa, Evolutionary",OGN,1,UNIT,MIND,false,false,https://cmsassets.rgpub.io/sanity/images/dsfx7636/game_data_live/fc4ee60eaedd5c56a9222fd07482b6a86b11baa4-744x1039.png
"Kai'Sa, Survivor",OGN,1,UNIT,FURY,false,false,https://cmsassets.rgpub.io/sanity/images/dsfx7636/game_data_live/3d942c02ad4e96a36dba14d663c5105bb6614500-744x1039.png
"Karma, Channeler",SFD,1,UNIT,ORDER,false,false,https://cmsassets.rgpub.io/sanity/images/dsfx7636/game_data_live/ba0113d449813c94534ae0e74f3ef38f9b8010c2-744x1039.png
"Karma, Channeler",OGN,1,UNIT,ORDER,false,false,https://cmsassets.rgpub.io/sanity/images/dsfx7636/game_data_live/aca8664b334f2fa40cc7bae2811dd4e1b4f06388-744x1039.png
"Karthus, Eternal",OGN,1,UNIT,ORDER,false,false,https://cmsassets.rgpub.io/sanity/images/dsfx7636/game_data_live/df3497ce6a602da554813340f572240675c7f0e2-744x1039.png
"Katarina, Reckless",UNL,1,UNIT,FURY,false,false,https://cmsassets.rgpub.io/sanity/images/dsfx7636/game_data_live/12da73cb78a9cfa052749f317ed56a27106908c6-744x1039.png
Kato the Arm,SFD,1,UNIT,BODY,false,false,https://cmsassets.rgpub.io/sanity/images/dsfx7636/game_data_live/f4ea4f2f5169a3813d9eb7f0d3d2f41bdddebfc7-744x1039.png
"Kayle, Justified",VEN,1,UNIT,ORDER,false,false,https://cmsassets.rgpub.io/sanity/images/dsfx7636/game_data_live/0fec986bfca86382c61770575ed20e1799b6b830-744x1039.png
"Kayle, Justified",VEN,1,UNIT,ORDER,false,false,https://cmsassets.rgpub.io/sanity/images/dsfx7636/game_data_live/8ae883f96bb3a5e20d8002ec49cace430aaf2b88-744x1039.png
"Kayn, Unleashed",OGN,1,UNIT,CHAOS,false,false,https://cmsassets.rgpub.io/sanity/images/dsfx7636/game_data_live/a1ce0e784264748f170bebb3b26a09a7f55efe0f-744x1039.png
Keeper of Law,VEN,1,UNIT,ORDER,false,false,https://cmsassets.rgpub.io/sanity/images/dsfx7636/game_data_live/42b965736c715293da57ec23472684506f49ba7f-744x1039.png
Keeper of Masks,UNL,1,UNIT,MIND,false,false,https://cmsassets.rgpub.io/sanity/images/dsfx7636/game_data_live/67606d98bd3d8816e686dacacb91a56627d4b5f5-744x1039.png
Keeper of the Hammer,UNL,1,LEGEND,BODY&ORDER,false,false,https://cmsassets.rgpub.io/sanity/images/dsfx7636/game_data_live/41321ddb3b1c63492285d1c3d067ee42ade502e4-744x1039.png
Keeper of the Hammer,UNL,1,LEGEND,BODY&ORDER,false,false,https://cmsassets.rgpub.io/sanity/images/dsfx7636/game_data_live/ee1393b9bace7bfea4e87405b793bb5462305ed0-744x1039.png
Keeper's Verdict,UNL,1,SPELL,BODY&ORDER,false,false,https://cmsassets.rgpub.io/sanity/images/dsfx7636/game_data_live/90dcafd8ca6cedd534416232ebd29c451f12107c-744x1039.png
"Kennen, Keeper of Balance",VEN,1,UNIT,ORDER,false,false,https://cmsassets.rgpub.io/sanity/images/dsfx7636/game_data_live/446ff54c091b07627f826952f45ee40e9976d040-744x1039.png
"Kennen, Storm of Shuriken",VEN,1,UNIT,CHAOS,false,false,https://cmsassets.rgpub.io/sanity/images/dsfx7636/game_data_live/2f27c99f3df2940940dddd65105e5e42bbeeab3d-744x1039.png
"Kha'Zix, Evolving Hunter",VEN,1,UNIT,BODY,false,false,https://cmsassets.rgpub.io/sanity/images/dsfx7636/game_data_live/4875b0eb5705f9723118f0895dd702373826bdbc-744x1039.png
"Kha'Zix, Evolving Hunter",UNL,1,UNIT,BODY,false,false,https://cmsassets.rgpub.io/sanity/images/dsfx7636/game_data_live/ac07031af5b35881d781b7a7d7b78c59a0fb2cd4-744x1039.png
"Kha'Zix, Mutating Horror",UNL,1,UNIT,CHAOS,false,false,https://cmsassets.rgpub.io/sanity/images/dsfx7636/game_data_live/8306abc5ffce45add8c75c2e215162b2d1aed320-744x1039.png
Kharox,VEN,1,UNIT,CHAOS,false,false,https://cmsassets.rgpub.io/sanity/images/dsfx7636/game_data_live/2453848e7069e994498c828d72c33df6905f38e5-744x1039.png
Ki Barrier,VEN,1,SPELL,ORDER,false,false,https://cmsassets.rgpub.io/sanity/images/dsfx7636/game_data_live/10fa1b5646489adb8ae70ff41a63ff856d8f20d1-744x1039.png
King's Edict,OGN,1,SPELL,ORDER,false,false,https://cmsassets.rgpub.io/sanity/images/dsfx7636/game_data_live/ec1b8b98e1ca7a34939322883309c71605bb8bc5-744x1039.png
Kinkou Initiate,UNL,1,UNIT,BODY,false,false,https://cmsassets.rgpub.io/sanity/images/dsfx7636/game_data_live/358c56479ff4a02df622827092265fe4e8373fc2-744x1039.png
Kinkou Lifeblade,VEN,1,UNIT,CHAOS,false,false,https://cmsassets.rgpub.io/sanity/images/dsfx7636/game_data_live/18e925b4291231a2045e60d062bd174950316c1d-744x1039.png
Kinkou Monk,OGN,1,UNIT,BODY,false,false,https://cmsassets.rgpub.io/sanity/images/dsfx7636/game_data_live/648b22c6f419ee55723247bbf4c3ac10f0be9ab5-744x1039.png
Kinkou Temple,VEN,1,BATTLEFIELD,COLORLESS,false,false,https://cmsassets.rgpub.io/sanity/images/dsfx7636/game_data_live/afef083faa1f3813e5744a552c9873c798bedfd5-1039x744.png
"Kog'Maw, Caustic",OGN,1,UNIT,CHAOS,false,false,https://cmsassets.rgpub.io/sanity/images/dsfx7636/game_data_live/1ba2b780619714f2bf97597a180f3b118f4faf55-744x1039.png
Kraken Hunter,OGN,1,UNIT,BODY,false,false,https://cmsassets.rgpub.io/sanity/images/dsfx7636/game_data_live/51aab4710d000a9c1e665a37ef8c919ff11b0282-744x1039.png
Lacerate,VEN,1,SPELL,ORDER,false,false,https://cmsassets.rgpub.io/sanity/images/dsfx7636/game_data_live/f21bbd09545d949f095756281e5506128eb4809d-744x1039.png
Lady of Luminosity - Starter,OGS,1,LEGEND,MIND&ORDER,false,false,https://cmsassets.rgpub.io/sanity/images/dsfx7636/game_data_live/44885d811b70621b188d9813b2b10b5cff1b81e6-744x1039.png
Last Breath,OGN,1,SPELL,CALM&CHAOS,false,false,https://cmsassets.rgpub.io/sanity/images/dsfx7636/game_data_live/e7e6dc840210124825f787095541a66ae5cea178-744x1039.png
Last Rites,SFD,1,GEAR,CHAOS,false,false,https://cmsassets.rgpub.io/sanity/images/dsfx7636/game_data_live/6cfab85030bff454262794e4fa12f11b5dc45a74-744x1039.png
Last Stand,OGN,1,SPELL,CALM,false,false,https://cmsassets.rgpub.io/sanity/images/dsfx7636/game_data_live/9062d372d299c5c6a0c679f0ff07ba71590ca5f1-744x1039.png
Laurent Bladekeeper,SFD,1,UNIT,BODY,false,false,https://cmsassets.rgpub.io/sanity/images/dsfx7636/game_data_live/d9dac8bbc898bfead8338ef387f2d144302e278f-744x1039.png
Laurent Duelist,SFD,1,UNIT,ORDER,false,false,https://cmsassets.rgpub.io/sanity/images/dsfx7636/game_data_live/7b3410a1d9ee175c4853453798bcd5f09d2e217c-744x1039.png
"LeBlanc, Everywhere at Once",UNL,1,UNIT,MIND,false,false,https://cmsassets.rgpub.io/sanity/images/dsfx7636/game_data_live/a0389576206b1e750a0852c6ff46efd2646d47da-744x1039.png
"LeBlanc, Fragmented",UNL,1,UNIT,ORDER,false,false,https://cmsassets.rgpub.io/sanity/images/dsfx7636/game_data_live/ee9f8d7a65e57c1d907edd4e5df2a3ea6966bff9-744x1039.png
Lecturing Yordle,OGN,1,UNIT,MIND,false,false,https://cmsassets.rgpub.io/sanity/images/dsfx7636/game_data_live/62e22370dac35c18de21efbfce9c86ca821e9105-744x1039.png
"Lee Sin, Ascetic",OGN,1,UNIT,CALM,false,false,https://cmsassets.rgpub.io/sanity/images/dsfx7636/game_data_live/70734e8833bfbbdb2736407c449f418553e3cf7c-744x1039.png
"Lee Sin, Centered",OGN,1,UNIT,BODY,false,false,https://cmsassets.rgpub.io/sanity/images/dsfx7636/game_data_live/eca1aec1304de9c237751eb0aeed620b9ad0408e-744x1039.png
Legion Marauder,VEN,1,UNIT,BODY,false,false,https://cmsassets.rgpub.io/sanity/images/dsfx7636/game_data_live/15ec9e813e58c9ba96f37e78f09faaaa184ecdad-744x1039.png
Legion Quartermaster,SFD,1,UNIT,CALM,false,false,https://cmsassets.rgpub.io/sanity/images/dsfx7636/game_data_live/c09cc35ffc98b46f919c09e09a93b603d63eb73e-744x1039.png
Legion Rearguard,OGN,1,UNIT,FURY,false,false,https://cmsassets.rgpub.io/sanity/images/dsfx7636/game_data_live/aedece01c7792c689050460db1670e6b9b15b61f-744x1039.png
"Leona, Determined",VEN,1,UNIT,ORDER,false,false,https://cmsassets.rgpub.io/sanity/images/dsfx7636/game_data_live/92ac39878346a886129b6d339ab3d9e6c722a7eb-744x1039.png
"Leona, Determined",OGN,1,UNIT,ORDER,false,false,https://cmsassets.rgpub.io/sanity/images/dsfx7636/game_data_live/39a1e121031cfb4bdb009b071ed5d70411966cd9-744x1039.png
"Leona, Zealot",OGN,1,UNIT,CALM,false,false,https://cmsassets.rgpub.io/sanity/images/dsfx7636/game_data_live/3bd1e924bec41b0f733fc8b93dc8918ce5a53ba4-744x1039.png
Lightning Rush,VEN,1,SPELL,ORDER&CHAOS,false,false,https://cmsassets.rgpub.io/sanity/images/dsfx7636/game_data_live/22375e0d2d1a49cb0eb7e31aebf3e73a2e0bba55-744x1039.png
"Lillia, Fae Fawn",UNL,1,UNIT,MIND,false,false,https://cmsassets.rgpub.io/sanity/images/dsfx7636/game_data_live/65d0af5361b335a7e65c7aa03a099fc0de3431e6-744x1039.png
"Lillia, Protector of Dreams",UNL,1,UNIT,CALM,false,false,https://cmsassets.rgpub.io/sanity/images/dsfx7636/game_data_live/daa5fe15e0a1c14c8dbb8f858d8a6d444ea6096e-744x1039.png
Lilting Lullaby,UNL,1,SPELL,CALM&MIND,false,false,https://cmsassets.rgpub.io/sanity/images/dsfx7636/game_data_live/272b71b493575e38ff8888ec187cd33e54c0eacc-744x1039.png
Lonely Poro,SFD,1,UNIT,CALM,false,false,https://cmsassets.rgpub.io/sanity/images/dsfx7636/game_data_live/f5ab933035b7a6d6bb1d35c10c13f58c7fbf3398-744x1039.png
Lonely Poro,UNL,1,UNIT,CALM,false,false,https://cmsassets.rgpub.io/sanity/images/dsfx7636/game_data_live/82b7043ef6519a4c7e2eb7d45cb6ae91dfd749ca-744x1039.png
Long Sword,SFD,1,GEAR,FURY,false,false,https://cmsassets.rgpub.io/sanity/images/dsfx7636/game_data_live/48d798bf93afd1ef139dcafc6cd8705742b93169-744x1039.png
Loose Cannon,OGN,1,LEGEND,FURY&CHAOS,false,false,https://cmsassets.rgpub.io/sanity/images/dsfx7636/game_data_live/f57c14381b126e9f5a7b5bc4913151cb24c14fc3-744x1039.png
Loose Cannon,OGN,1,LEGEND,FURY&CHAOS,false,false,https://cmsassets.rgpub.io/sanity/images/dsfx7636/game_data_live/8a7dbbed04133926e58843f1d586f51178ef2ebd-1488x2078.png
Lord Broadmane,UNL,1,UNIT,FURY,false,false,https://cmsassets.rgpub.io/sanity/images/dsfx7636/game_data_live/f564001228383a27372c0ddc4d8c0ed4e4843dc7-744x1039.png
Lotus Trap,UNL,1,SPELL,FURY,false,false,https://cmsassets.rgpub.io/sanity/images/dsfx7636/game_data_live/9490f8c80da1bf4467e14c39b66ae4262e5f7f7b-744x1039.png
Loyal Poro,UNL,1,UNIT,ORDER,false,false,https://cmsassets.rgpub.io/sanity/images/dsfx7636/game_data_live/860e1afc7364a002c6305ece7b6941e2e328d0a4-744x1039.png
Loyal Pup,SFD,1,UNIT,CHAOS,false,false,https://cmsassets.rgpub.io/sanity/images/dsfx7636/game_data_live/2f15c4508900636e1560fa0e8832aff6b3160d0f-744x1039.png
"Lucian, Gunslinger",SFD,1,UNIT,FURY,false,false,https://cmsassets.rgpub.io/sanity/images/dsfx7636/game_data_live/2dfb106d7c85235436d25261195a638e2ab15092-744x1039.png
"Lucian, Merciless",SFD,1,UNIT,BODY,false,false,https://cmsassets.rgpub.io/sanity/images/dsfx7636/game_data_live/bc192b6e22e7a277c53f035809c59db4548a0fd5-744x1039.png
Lunar Boon,UNL,1,SPELL,CHAOS,false,false,https://cmsassets.rgpub.io/sanity/images/dsfx7636/game_data_live/7dc31cec93a355ba52b8cf2ca0b232a0edd57586-744x1039.png
"Lux, Crownguard",OGS,1,UNIT,ORDER,false,false,https://cmsassets.rgpub.io/sanity/images/dsfx7636/game_data_live/17d0793ad495727e67bb1c94ae0e11cd4705870f-744x1039.png
"Lux, Illuminated",OGS,1,UNIT,MIND,false,false,https://cmsassets.rgpub.io/sanity/images/dsfx7636/game_data_live/a0d10edf30abb6fde21f5d386e9a7db3c1b0a098-744x1039.png
Machine Evangel,OGN,1,UNIT,ORDER,false,false,https://cmsassets.rgpub.io/sanity/images/dsfx7636/game_data_live/ad15d4ff89548e83dcede9b209b12233652cf3a1-744x1039.png
Maddened Marauder,OGN,1,UNIT,CHAOS,false,false,https://cmsassets.rgpub.io/sanity/images/dsfx7636/game_data_live/0f3a2ab8e5894e0dd1b625ee29f3304e7832ef9a-744x1039.png
Maduli the Gatekeeper,UNL,1,UNIT,CHAOS,false,false,https://cmsassets.rgpub.io/sanity/images/dsfx7636/game_data_live/20f1b46435845de99987e37125e0ef7bd61c00bb-744x1039.png
Mageseeker Investigator,UNL,1,UNIT,ORDER,false,false,https://cmsassets.rgpub.io/sanity/images/dsfx7636/game_data_live/004c77c98bc5a6f679191a0d289b26ac13e84728-744x1039.png
Mageseeker Warden,OGN,1,UNIT,CALM,false,false,https://cmsassets.rgpub.io/sanity/images/dsfx7636/game_data_live/ae844b929f817cdf76fe40c7bf5d5fc02062bdac-744x1039.png
Magma Wurm,OGN,1,UNIT,FURY,false,false,https://cmsassets.rgpub.io/sanity/images/dsfx7636/game_data_live/f6565b15f65f538804e6a56623c8aa2eedeffc22-744x1039.png
"Malzahar, Fanatic",OGN,1,UNIT,MIND,false,false,https://cmsassets.rgpub.io/sanity/images/dsfx7636/game_data_live/ba1fa3a18b1c2ff132ad536577e53deb49bce1f9-744x1039.png
Marai Spire,SFD,1,BATTLEFIELD,COLORLESS,false,false,https://cmsassets.rgpub.io/sanity/images/dsfx7636/game_data_live/ff64dcbac9b392d4f6930a7359114aa68aa14ebe-1039x744.png
Marching Orders,SFD,1,SPELL,BODY,false,false,https://cmsassets.rgpub.io/sanity/images/dsfx7636/game_data_live/b553f8e16e0ff1aaa57f74121e68954fbe45a07b-744x1039.png
"Masa, Crashing Thunder",VEN,1,UNIT,ORDER,false,false,https://cmsassets.rgpub.io/sanity/images/dsfx7636/game_data_live/c02046374935d38a8e4bb28a8192dfc46e2596a0-744x1039.png
Mask Mother,VEN,1,UNIT,CHAOS,false,false,https://cmsassets.rgpub.io/sanity/images/dsfx7636/game_data_live/21cf578371a75f6e2661d44f4d7389d8732c133e-744x1039.png
Mask of Foresight,OGN,1,GEAR,CALM,false,false,https://cmsassets.rgpub.io/sanity/images/dsfx7636/game_data_live/03824709acbb4151d13b083a842c4702a3e61221-744x1039.png
Master Bingwen,SFD,1,UNIT,CHAOS,false,false,https://cmsassets.rgpub.io/sanity/images/dsfx7636/game_data_live/52c7f0fe49f24c29cb797613444f86a810292ec2-744x1039.png
"Master Yi, Tempered",UNL,1,UNIT,BODY,false,false,https://cmsassets.rgpub.io/sanity/images/dsfx7636/game_data_live/a21feb3555825392fdb98f868840db3827ad0389-744x1039.png
"Master Yi, Unstoppable",UNL,1,UNIT,CALM,false,false,https://cmsassets.rgpub.io/sanity/images/dsfx7636/game_data_live/8a6d46d701eebaff0850a5b7400816517006d7e9-744x1039.png
Master of Shadows,VEN,1,LEGEND,FURY&CHAOS,false,false,https://cmsassets.rgpub.io/sanity/images/dsfx7636/game_data_live/aa316eb1b01c8d036eaba84b03909027fe69f6e2-744x1039.png
Master of Shadows,VEN,1,LEGEND,FURY&CHAOS,false,false,https://cmsassets.rgpub.io/sanity/images/dsfx7636/game_data_live/75b7ba57a83af496b26d9fe7e8521f9a851bf464-744x1039.png
Matriarch of War,VEN,1,LEGEND,BODY&ORDER,false,false,https://cmsassets.rgpub.io/sanity/images/dsfx7636/game_data_live/49e81916d7ae72b24de845223e1798652d26e789-744x1039.png
Matriarch of War,VEN,1,LEGEND,BODY&ORDER,false,false,https://cmsassets.rgpub.io/sanity/images/dsfx7636/game_data_live/2d6c1bd7992ddd20fe524587274ed6f9a249e42c-744x1039.png
Mechanized Menace,SFD,1,LEGEND,FURY&MIND,false,false,https://cmsassets.rgpub.io/sanity/images/dsfx7636/game_data_live/0234cad3663d52d3120e78f2adbe8a253102a7a3-744x1039.png
Mechanized Menace,SFD,1,LEGEND,FURY&MIND,false,false,https://cmsassets.rgpub.io/sanity/images/dsfx7636/game_data_live/f311115e4c527ce82010596ce462d4050a9201b2-744x1039.png
Meditation,OGN,1,SPELL,CALM,false,false,https://cmsassets.rgpub.io/sanity/images/dsfx7636/game_data_live/7103336ab0d7f7bebdaa4155e4258d8d9beb06de-744x1039.png
Mega-Mech,OGN,1,UNIT,MIND,false,false,https://cmsassets.rgpub.io/sanity/images/dsfx7636/game_data_live/f71db7b62798a2a10a1ab0d293c26ac9dd163c6a-744x1039.png
Megatusk,UNL,1,UNIT,CHAOS,false,false,https://cmsassets.rgpub.io/sanity/images/dsfx7636/game_data_live/d073247bc2437443d8a9901f089632a15d11e7a0-744x1039.png
"Mel, Defiant Soul",VEN,1,UNIT,CHAOS,false,false,https://cmsassets.rgpub.io/sanity/images/dsfx7636/game_data_live/0dac0b8b724d7d20f3e8c2126856d54d990e4ebc-744x1039.png
"Mel, Defiant Soul",VEN,1,UNIT,CHAOS,false,false,https://cmsassets.rgpub.io/sanity/images/dsfx7636/game_data_live/214567717b4f0156ff06c923e1603234cb52db61-744x1039.png
"Mel, Newly Awakened",VEN,1,UNIT,MIND,false,false,https://cmsassets.rgpub.io/sanity/images/dsfx7636/game_data_live/7d794234d8efef9ad647046d1e2cd3736441899f-744x1039.png
Mesmerize,VEN,1,SPELL,MIND,false,false,https://cmsassets.rgpub.io/sanity/images/dsfx7636/game_data_live/854ceafc3f20c7e2d38c83170cb73232116f3d58-744x1039.png
Might of Demacia - Starter,OGS,1,LEGEND,BODY&ORDER,false,false,https://cmsassets.rgpub.io/sanity/images/dsfx7636/game_data_live/e7185deb46f17770802d06aeddfe3b929afff880-744x1039.png
Minah Swiftfoot,VEN,1,UNIT,CHAOS,false,false,https://cmsassets.rgpub.io/sanity/images/dsfx7636/game_data_live/30b6e4a44bcadaa53168bd4ac043fbf2136f5eb3-744x1039.png
Mind Rune,OGN,1,RUNE,MIND,false,false,https://cmsassets.rgpub.io/sanity/images/dsfx7636/game_data_live/f99aa4874baaebd2e81798c8a3aa01c5900f6d30-744x1039.png
Mindsplitter,OGN,1,UNIT,CHAOS,false,false,https://cmsassets.rgpub.io/sanity/images/dsfx7636/game_data_live/8753058698cff6455da6cccd13a7fe901a164051-744x1039.png
Minefield,SFD,1,BATTLEFIELD,COLORLESS,false,false,https://cmsassets.rgpub.io/sanity/images/dsfx7636/game_data_live/46614658b08563f07cc81a4f4fa4ec8a067710b9-1039x744.png
Minotaur Reckoner,SFD,1,UNIT,FURY,false,false,https://cmsassets.rgpub.io/sanity/images/dsfx7636/game_data_live/77bb46cd667e59f26310797ac99686f3a4d19af5-744x1039.png
Mirror Image,UNL,1,SPELL,MIND&ORDER,false,false,https://cmsassets.rgpub.io/sanity/images/dsfx7636/game_data_live/a7ef8a09c0297cd796c4e2dee15922745ede7417-744x1039.png
Mischievous Marai,UNL,1,UNIT,FURY,false,false,https://cmsassets.rgpub.io/sanity/images/dsfx7636/game_data_live/fb2e82cca7aa93c857ed1fe54de7344016779520-744x1039.png
"Miss Fortune, Buccaneer",OGN,1,UNIT,CHAOS,false,false,https://cmsassets.rgpub.io/sanity/images/dsfx7636/game_data_live/e6ff9ad3d6e2b96ff76cda4c7bc75415c1cdcced-744x1039.png
"Miss Fortune, Captain",OGN,1,UNIT,BODY,false,false,https://cmsassets.rgpub.io/sanity/images/dsfx7636/game_data_live/3c7b219245cd6c6ee835974dd74771bc605289de-744x1039.png
Mister Root,UNL,1,UNIT,CHAOS,false,false,https://cmsassets.rgpub.io/sanity/images/dsfx7636/game_data_live/c9bb7a8f5a1426a4af9843f2473ee6cc37dd24bd-744x1039.png
Mistfall,OGN,1,GEAR,BODY,false,false,https://cmsassets.rgpub.io/sanity/images/dsfx7636/game_data_live/1cedf0dcd6c4a44ae867e9f04f9f179d9b91c357-744x1039.png
Mobilize,OGN,1,SPELL,BODY,false,false,https://cmsassets.rgpub.io/sanity/images/dsfx7636/game_data_live/cb22153e84ce250192b8e6e75e7f4dc0b66a728c-744x1039.png
Monastery of Hirana,OGN,1,BATTLEFIELD,COLORLESS,false,false,https://cmsassets.rgpub.io/sanity/images/dsfx7636/game_data_live/8767d9ed30e2873d3fa1045f973be229da56175d-1038x744.png
Monch,UNL,1,UNIT,CALM,false,false,https://cmsassets.rgpub.io/sanity/images/dsfx7636/game_data_live/ef10724add3b6d9e69415cb194e895f6ea9969b7-744x1039.png
Monster Harpoon,UNL,1,SPELL,FURY,false,false,https://cmsassets.rgpub.io/sanity/images/dsfx7636/game_data_live/ed51ed36ad0938048ee50894d75d299c29d17759-744x1039.png
Moonfall,UNL,1,SPELL,MIND&CHAOS,false,false,https://cmsassets.rgpub.io/sanity/images/dsfx7636/game_data_live/2eda8d4bbee47857b1916599b5c7d5fa7ca400dc-744x1039.png
Moonlight Affliction,UNL,1,SPELL,MIND,false,false,https://cmsassets.rgpub.io/sanity/images/dsfx7636/game_data_live/8f75280599fdb4d3b6191cf8e8443aadf33ad11e-744x1039.png
Morbid Return,OGN,1,SPELL,CHAOS,false,false,https://cmsassets.rgpub.io/sanity/images/dsfx7636/game_data_live/33b5ca4e580b94f2056bd884a4a35e8c630920a2-744x1039.png
"Morgana, Vindictive",VEN,1,UNIT,FURY,false,false,https://cmsassets.rgpub.io/sanity/images/dsfx7636/game_data_live/f5015b3077bbe6fbcdb0437fd47f119040e26ca3-744x1039.png
"Morgana, Vindictive",VEN,1,UNIT,FURY,false,false,https://cmsassets.rgpub.io/sanity/images/dsfx7636/game_data_live/04f3ff3a25b08c9af33090e7a533396583f5e433-744x1039.png
Mosstomper,UNL,1,UNIT,CALM,false,false,https://cmsassets.rgpub.io/sanity/images/dsfx7636/game_data_live/0ea32d0f6f49c0b48b1ea2cc98fe0a3c540bc9db-744x1039.png
Mountain Drake,OGN,1,UNIT,BODY,false,false,https://cmsassets.rgpub.io/sanity/images/dsfx7636/game_data_live/8a9c1d334b217e9bd0b23dfca2054de4d0b90ff1-744x1039.png
Mournful Witness,VEN,1,UNIT,CALM,false,false,https://cmsassets.rgpub.io/sanity/images/dsfx7636/game_data_live/2f31651fc37a3e8bc562d0a361c509c0998d82c8-744x1039.png
Mushroom Pouch,OGN,1,GEAR,MIND,false,false,https://cmsassets.rgpub.io/sanity/images/dsfx7636/game_data_live/ef5b3125fda91c0d0a02b7e6dfb7d3d5bafa8bd0-744x1039.png
Mutated Mouser,UNL,1,UNIT,CALM,false,false,https://cmsassets.rgpub.io/sanity/images/dsfx7636/game_data_live/20276519677a4d1ebe230aaad7692588e1e8d046-744x1039.png
Mystic Poro,UNL,1,UNIT,CHAOS,false,false,https://cmsassets.rgpub.io/sanity/images/dsfx7636/game_data_live/2fdb5e1ff9aae4137910fa59065b69ef17144752-744x1039.png
Mystic Poro,OGN,1,UNIT,CHAOS,false,false,https://cmsassets.rgpub.io/sanity/images/dsfx7636/game_data_live/11af57d045768e886d05e1c0933b0d57cb1e459d-744x1039.png
Mystic Reversal,OGN,1,SPELL,CALM,false,false,https://cmsassets.rgpub.io/sanity/images/dsfx7636/game_data_live/298fe91f9d76086b7d77880e11016ed46389b61b-744x1039.png
Mystic Vortex,VEN,1,BATTLEFIELD,COLORLESS,false,false,https://cmsassets.rgpub.io/sanity/images/dsfx7636/game_data_live/55f6fec944c489010464cb554c4661d94518fa75-1039x744.png
"Nami, Headstrong",UNL,1,UNIT,CALM,false,false,https://cmsassets.rgpub.io/sanity/images/dsfx7636/game_data_live/c65521065700f308689608fc6c4fa8963f3264c0-744x1039.png
"Nasus, Ascended",VEN,1,UNIT,CALM,false,false,https://cmsassets.rgpub.io/sanity/images/dsfx7636/game_data_live/4d9e9cc17be6aebf33ee1db42b515ad87ba8ee8c-744x1039.png
"Nasus, Guardian of Knowledge",VEN,1,UNIT,MIND,false,false,https://cmsassets.rgpub.io/sanity/images/dsfx7636/game_data_live/aa96dbb8b4d72db7e47a72ce652ad542f55bf31d-744x1039.png
"Nasus, Guardian of Knowledge",VEN,1,UNIT,MIND,false,false,https://cmsassets.rgpub.io/sanity/images/dsfx7636/game_data_live/3095b4ed4fd647539ed9a80828b8e1ce7f09ae82-744x1039.png
Navori Fighting Pit,OGN,1,BATTLEFIELD,COLORLESS,false,false,https://cmsassets.rgpub.io/sanity/images/dsfx7636/game_data_live/c03ed3ddf8b764963e4b0745e86a12a5ebcef2a3-1038x744.png
Navori Scout,SFD,1,UNIT,CALM,false,false,https://cmsassets.rgpub.io/sanity/images/dsfx7636/game_data_live/038625518f5b46f5217d300d9dc9fbf507c4ae09-744x1039.png
Needlessly Large Yordle,SFD,1,UNIT,CALM,false,false,https://cmsassets.rgpub.io/sanity/images/dsfx7636/game_data_live/952dcaf9fd4b5f3e8592d140c11d792175597da1-744x1039.png
"Nidalee, Cat Form",UNL,1,UNIT,BODY,false,false,https://cmsassets.rgpub.io/sanity/images/dsfx7636/game_data_live/0e51e39dfe4f922b2c8c9bff785d170350e9b803-744x1039.png
"Nilah, Joyful Ascetic",UNL,1,UNIT,BODY,false,false,https://cmsassets.rgpub.io/sanity/images/dsfx7636/game_data_live/6138c519310f917461e09d90fe3f2a9480914947-744x1039.png
Nine-Tailed Fox,OGN,1,LEGEND,CALM&MIND,false,false,https://cmsassets.rgpub.io/sanity/images/dsfx7636/game_data_live/dc89c6a2415debd5bf504ed46843f5dcc1d9b815-1488x2078.png
Nine-Tailed Fox,OGN,1,LEGEND,CALM&MIND,false,false,https://cmsassets.rgpub.io/sanity/images/dsfx7636/game_data_live/fbce641f5e4d8cdf2956e8ead5884b6cd3ccd90d-744x1040.png
"Nocturne, Horrifying",OGN,1,UNIT,CHAOS,false,false,https://cmsassets.rgpub.io/sanity/images/dsfx7636/game_data_live/19a751364bc6eb5297596e8733d0d30a1111ac78-744x1039.png
Not So Fast,SFD,1,SPELL,CALM,false,false,https://cmsassets.rgpub.io/sanity/images/dsfx7636/game_data_live/e576fefdce72ad862a7e374bf8c0fd509f359da9-744x1039.png
Noxian Demolitionist,VEN,1,UNIT,BODY,false,false,https://cmsassets.rgpub.io/sanity/images/dsfx7636/game_data_live/a8c9a1b0eefc89106aa154ce3958c82d86e70940-744x1039.png
Noxian Drummer,OGN,1,UNIT,ORDER,false,false,https://cmsassets.rgpub.io/sanity/images/dsfx7636/game_data_live/45a69adf92b6951c8c8fa974273c22aade312068-744x1039.png
Noxian Emissary,VEN,1,UNIT,ORDER,false,false,https://cmsassets.rgpub.io/sanity/images/dsfx7636/game_data_live/0720c25776670ef32dcc504b14378890991798be-744x1039.png
Noxian Guillotine,OGN,1,SPELL,FURY&ORDER,false,false,https://cmsassets.rgpub.io/sanity/images/dsfx7636/game_data_live/57f646b0393b58b657cfabf66357d9fc4a34e046-744x1039.png
Noxus Hopeful,OGN,1,UNIT,FURY,false,false,https://cmsassets.rgpub.io/sanity/images/dsfx7636/game_data_live/c3bb6f4cb58feeb50e396d12ec9865c5434025af-744x1039.png
Noxus Saboteur,OGN,1,UNIT,FURY,false,false,https://cmsassets.rgpub.io/sanity/images/dsfx7636/game_data_live/b78f0c822cb984db24ac3f1956cc8c10f8f88b22-744x1039.png
Oasis Raider,VEN,1,UNIT,FURY,false,false,https://cmsassets.rgpub.io/sanity/images/dsfx7636/game_data_live/d44355b9b129054e63b6f2c8de30518fe87b6295-744x1039.png
Obelisk of Power,OGN,1,BATTLEFIELD,COLORLESS,false,false,https://cmsassets.rgpub.io/sanity/images/dsfx7636/game_data_live/0ef4890cdc3145616fcf41290a13c63b1afe4e0d-1038x744.png
Ocean Drake,VEN,1,UNIT,CHAOS,false,false,https://cmsassets.rgpub.io/sanity/images/dsfx7636/game_data_live/bd93cc3c9165204cd3e830fc2022384bad7517be-744x1039.png
Ol' Poro,VEN,1,UNIT,CALM,false,false,https://cmsassets.rgpub.io/sanity/images/dsfx7636/game_data_live/267fdc483ff8c740779f23eb8f965105feb030cd-744x1039.png
On the Hunt,SFD,1,SPELL,BODY&CHAOS,false,false,https://cmsassets.rgpub.io/sanity/images/dsfx7636/game_data_live/3205df9cf3d12551c445a740889392264ec95b09-744x1039.png
Onslaught,VEN,1,SPELL,BODY,false,false,https://cmsassets.rgpub.io/sanity/images/dsfx7636/game_data_live/6a1ef90c64e07b3f561e34c8d43ff5f64db925d8-744x1039.png
Orb of Regret,OGN,1,GEAR,MIND,false,false,https://cmsassets.rgpub.io/sanity/images/dsfx7636/game_data_live/fd883b646d1a3cdb1a03b0c19dc62c92ca552f4f-744x1039.png
Order Rune,OGN,1,RUNE,ORDER,false,false,https://cmsassets.rgpub.io/sanity/images/dsfx7636/game_data_live/35ec6fdd2124324bb7052cba31c8c44f2e98f3ae-744x1039.png
Ornn's Forge,SFD,1,BATTLEFIELD,COLORLESS,false,false,https://cmsassets.rgpub.io/sanity/images/dsfx7636/game_data_live/e228948bc7a6d8ee858fbc0bed3d93a53f467097-1039x744.png
"Ornn, Blacksmith",SFD,1,UNIT,CALM,false,false,https://cmsassets.rgpub.io/sanity/images/dsfx7636/game_data_live/77b48a28f48f26714f4bcf860379945a2d7186aa-744x1039.png
"Ornn, Forge God",SFD,1,UNIT,MIND,false,false,https://cmsassets.rgpub.io/sanity/images/dsfx7636/game_data_live/f33c4ea9010ea5f440d4470554845c0ecae2c893-744x1039.png
Otterpus,VEN,1,UNIT,MIND,false,false,https://cmsassets.rgpub.io/sanity/images/dsfx7636/game_data_live/62f77b80a6d8f28a92c039595baf5943c4e055f0-744x1039.png
Overt Operation,OGN,1,SPELL,BODY,false,false,https://cmsassets.rgpub.io/sanity/images/dsfx7636/game_data_live/69dba13c930ba3962851346d2bc6cbeb4ca48455-744x1039.png
Overzealous Fan,SFD,1,UNIT,CHAOS,false,false,https://cmsassets.rgpub.io/sanity/images/dsfx7636/game_data_live/922d7f337fbf14f0d62d43f69ca2a1e7480dd022-744x1039.png
Pack of Wonders,OGN,1,GEAR,CHAOS,false,false,https://cmsassets.rgpub.io/sanity/images/dsfx7636/game_data_live/a0830f326c49abe7fb1d3c9787e7ce5d7b776eec-744x1039.png
Pakaa Cub,OGN,1,UNIT,BODY,false,false,https://cmsassets.rgpub.io/sanity/images/dsfx7636/game_data_live/156a66d7d44165367cc5a470fb35c86f337f9429-744x1039.png
Pakaa Protector,VEN,1,UNIT,CALM,false,false,https://cmsassets.rgpub.io/sanity/images/dsfx7636/game_data_live/ab3be32adadb72831c07750d8defc7918fd32d96-744x1039.png
Party Favors,OGN,1,SPELL,CALM,false,false,https://cmsassets.rgpub.io/sanity/images/dsfx7636/game_data_live/fddcef3c55663c5d6856f6d039d19cacfd64abb5-744x1039.png
Patched Porobot,VEN,1,UNIT,MIND,false,false,https://cmsassets.rgpub.io/sanity/images/dsfx7636/game_data_live/7667d7e0c902782c38221e9326d1bb98181ec17f-744x1039.png
Peak Guardian,OGN,1,UNIT,ORDER,false,false,https://cmsassets.rgpub.io/sanity/images/dsfx7636/game_data_live/bb56433bc032fd31a957923c43babc48b66db24c-744x1039.png
Pendulum Blade,VEN,1,GEAR,FURY,false,false,https://cmsassets.rgpub.io/sanity/images/dsfx7636/game_data_live/857a5cee28f403454b1825dd112c07e9ac06b8a4-744x1039.png
Perched Grimwyrm,SFD,1,UNIT,FURY,false,false,https://cmsassets.rgpub.io/sanity/images/dsfx7636/game_data_live/71af1587378c1c3feabd1b148fb776e42c7d27e8-744x1039.png
Perfect Execution,VEN,1,SPELL,FURY,false,false,https://cmsassets.rgpub.io/sanity/images/dsfx7636/game_data_live/cb13c46f8c3872678b87f68891d9f4a416ba8080-744x1039.png
Petal Pixie,UNL,1,UNIT,MIND,false,false,https://cmsassets.rgpub.io/sanity/images/dsfx7636/game_data_live/68189fb5a6b3193e8925969ac0c545bc78b210c9-744x1039.png
Petricite Monument,SFD,1,GEAR,BODY,false,false,https://cmsassets.rgpub.io/sanity/images/dsfx7636/game_data_live/c994dcefe24e00f8033bc31327bf7dbe4a8703d1-744x1039.png
Petty Officer,OGN,1,UNIT,ORDER,false,false,https://cmsassets.rgpub.io/sanity/images/dsfx7636/game_data_live/29e062c4a38c0be12056568a2f8563557e2611c6-744x1039.png
Pickpocket,SFD,1,UNIT,MIND,false,false,https://cmsassets.rgpub.io/sanity/images/dsfx7636/game_data_live/ebf54af997e53079e1a476feb0411d1791b20f7e-744x1039.png
Piercing Light,SFD,1,SPELL,FURY,false,false,https://cmsassets.rgpub.io/sanity/images/dsfx7636/game_data_live/7fb3283b11fb8e5b5b08f9ead9b98c695b75bff0-744x1039.png
Piltovan Forge,VEN,1,BATTLEFIELD,COLORLESS,false,false,https://cmsassets.rgpub.io/sanity/images/dsfx7636/game_data_live/0cc432b51e80d1734529ef323e601e62e202c2b1-1039x744.png
Piltover Enforcer,UNL,1,LEGEND,FURY&ORDER,false,false,https://cmsassets.rgpub.io/sanity/images/dsfx7636/game_data_live/08c48ad82381bb5830a0b413d7a2f25dd2b20d76-744x1039.png
Piltover Enforcer,UNL,1,LEGEND,FURY&ORDER,false,false,https://cmsassets.rgpub.io/sanity/images/dsfx7636/game_data_live/b52fca3d644599008c4b1a67ffd359a9f9c4d8d7-744x1039.png
Pirate's Haven,OGN,1,GEAR,BODY,false,false,https://cmsassets.rgpub.io/sanity/images/dsfx7636/game_data_live/1991b64d58cbd3698574f44b404f7a88d6403134-744x1039.png
Pit Crew,OGN,1,UNIT,MIND,false,false,https://cmsassets.rgpub.io/sanity/images/dsfx7636/game_data_live/8023223b55adc44bafe1f8c5f305d3dde6f6d114-744x1039.png
Pit Rookie,OGN,1,UNIT,BODY,false,false,https://cmsassets.rgpub.io/sanity/images/dsfx7636/game_data_live/ec19eeaee85c7e5669387a3f6ccb7718f5a0f570-744x1039.png
Platewyrm Egg,VEN,1,GEAR,BODY,false,false,https://cmsassets.rgpub.io/sanity/images/dsfx7636/game_data_live/f6a3940440a38e34fe306947d663018dd2df7ca8-744x1039.png
Playful Phantom,OGN,1,UNIT,CALM,false,false,https://cmsassets.rgpub.io/sanity/images/dsfx7636/game_data_live/3171ef8c7968b0dfe088725b9721b19d175bdb1e-744x1039.png
Plaza Guardian,VEN,1,UNIT,MIND,false,false,https://cmsassets.rgpub.io/sanity/images/dsfx7636/game_data_live/3fc86ed4d23604dbb3c7de211eb6a9c36bd9176d-744x1039.png
Plundering Poro,SFD,1,UNIT,MIND,false,false,https://cmsassets.rgpub.io/sanity/images/dsfx7636/game_data_live/4ff9e6c73f67b505e50ec2f5f513292fe5b20b95-744x1039.png
Plundering Poro,UNL,1,UNIT,MIND,false,false,https://cmsassets.rgpub.io/sanity/images/dsfx7636/game_data_live/c6c996fcead364682a031f32948a084101d83493-744x1039.png
"Poppy, Defender of the Meek",UNL,1,UNIT,ORDER,false,false,https://cmsassets.rgpub.io/sanity/images/dsfx7636/game_data_live/1a75c5322b2179e772af83b1fd16fed864c5bf24-744x1039.png
"Poppy, Paragon",UNL,1,UNIT,BODY,false,false,https://cmsassets.rgpub.io/sanity/images/dsfx7636/game_data_live/ef8a8434e1a4c4262dd97213741a4b126cb1449b-744x1039.png
Poro Herder,OGN,1,UNIT,CALM,false,false,https://cmsassets.rgpub.io/sanity/images/dsfx7636/game_data_live/166b718a8517fcceac7e7d4f6acbc4fa0bbc2c55-744x1039.png
Poro Snax,SFD,1,GEAR,CALM,false,false,https://cmsassets.rgpub.io/sanity/images/dsfx7636/game_data_live/8caaa64513b5ba57d676c7b2b9ee64af61711539-744x1039.png
Portal Rescue,OGN,1,SPELL,MIND,false,false,https://cmsassets.rgpub.io/sanity/images/dsfx7636/game_data_live/bafb4c68fa9a3eb71fecd0cdffb9e20b9f68d532-744x1039.png
Possession,OGN,1,SPELL,CHAOS,false,false,https://cmsassets.rgpub.io/sanity/images/dsfx7636/game_data_live/f26462174fd01407f25f7d49a70862d2b9af35cc-744x1039.png
Pouty Poro,UNL,1,UNIT,FURY,false,false,https://cmsassets.rgpub.io/sanity/images/dsfx7636/game_data_live/0c91b90d91c4f988aa9942dd9e06a634a66c6975-744x1039.png
Pouty Poro,OGN,1,UNIT,FURY,false,false,https://cmsassets.rgpub.io/sanity/images/dsfx7636/game_data_live/d541bf3bcb5aa3ad0d48d87f5753569b72ac426f-744x1039.png
Power Nexus,SFD,1,BATTLEFIELD,COLORLESS,false,false,https://cmsassets.rgpub.io/sanity/images/dsfx7636/game_data_live/653db9a5f2aead0191c8d61da3d1876fb894b545-1039x744.png
Premonition,SFD,1,SPELL,MIND,false,false,https://cmsassets.rgpub.io/sanity/images/dsfx7636/game_data_live/20ad2f42bcf9a0402e2a0d5a21d55eacee9ecf35-744x1039.png
Prepared Neophyte,UNL,1,UNIT,FURY,false,false,https://cmsassets.rgpub.io/sanity/images/dsfx7636/game_data_live/ad993e451437950e56935a7ecff44fea09e522b2-744x1039.png
Pridestalker,UNL,1,LEGEND,FURY&BODY,false,false,https://cmsassets.rgpub.io/sanity/images/dsfx7636/game_data_live/b3d3085f62aee993b9f5b80d4659a88439da83be-744x1039.png
Pridestalker,UNL,1,LEGEND,FURY&BODY,false,false,https://cmsassets.rgpub.io/sanity/images/dsfx7636/game_data_live/1f80a016015ebc77bd3d23ce471e364d70698279-744x1039.png
Primal Strength,OGN,1,SPELL,BODY,false,false,https://cmsassets.rgpub.io/sanity/images/dsfx7636/game_data_live/dfd910a9836cd36340d0ffdb5fe8cb92a1069963-744x1039.png
Prize of Progress,SFD,1,UNIT,MIND,false,false,https://cmsassets.rgpub.io/sanity/images/dsfx7636/game_data_live/c08f0b6ed24415e6a440a17931c7e2a2db3ab2cc-744x1039.png
Prodigal Explorer,SFD,1,LEGEND,MIND&CHAOS,false,false,https://cmsassets.rgpub.io/sanity/images/dsfx7636/game_data_live/d0e143d9edbc14971b2a7b463b3c25b2b6a0c098-744x1039.png
Prodigal Explorer,SFD,1,LEGEND,MIND&CHAOS,false,false,https://cmsassets.rgpub.io/sanity/images/dsfx7636/game_data_live/3ba4f1d3d61d80e7becc9d046e1974f17bff4b10-744x1039.png
Production Surge,SFD,1,SPELL,MIND,false,false,https://cmsassets.rgpub.io/sanity/images/dsfx7636/game_data_live/78783854dd9372138e599affbe96a269d8908c29-744x1039.png
Profiteer,VEN,1,UNIT,BODY,false,false,https://cmsassets.rgpub.io/sanity/images/dsfx7636/game_data_live/27955854d3f04ed95e87152f066f99671af2f9f1-744x1039.png
Progress Day,OGN,1,SPELL,MIND,false,false,https://cmsassets.rgpub.io/sanity/images/dsfx7636/game_data_live/b15f479a8f29e31b6e4c06cf2d7c8cb8630073ef-744x1039.png
Promising Future,OGN,1,SPELL,MIND,false,false,https://cmsassets.rgpub.io/sanity/images/dsfx7636/game_data_live/1ea5e7e50aaecee0b2ee2657d3c829dff0718fba-744x1039.png
Protective Sands,VEN,1,BATTLEFIELD,COLORLESS,false,false,https://cmsassets.rgpub.io/sanity/images/dsfx7636/game_data_live/a994ae712cdefcbdaf263fbb6ab0723d0f678e99-1039x744.png
Public Execution,VEN,1,SPELL,BODY&ORDER,false,false,https://cmsassets.rgpub.io/sanity/images/dsfx7636/game_data_live/c8348e2aef6bad5a38d4f71b1b1c277598670286-744x1039.png
Punch First,SFD,1,SPELL,BODY,false,false,https://cmsassets.rgpub.io/sanity/images/dsfx7636/game_data_live/d124efad90ff61d4ac29ee69fe71e48a7cd6ece2-744x1039.png
Punching Poro,VEN,1,UNIT,FURY,false,false,https://cmsassets.rgpub.io/sanity/images/dsfx7636/game_data_live/03b9a8e704e0f09b686d89d4c2d79f100f212b0f-744x1039.png
Purifier,SFD,1,LEGEND,FURY&BODY,false,false,https://cmsassets.rgpub.io/sanity/images/dsfx7636/game_data_live/450cfb71b8890904d48b37a24bbdc78f8d849614-744x1039.png
Purifier,SFD,1,LEGEND,FURY&BODY,false,false,https://cmsassets.rgpub.io/sanity/images/dsfx7636/game_data_live/eb2a5262da6044c041ba87becae1dc71d58b2bf7-744x1039.png
"Pyke, Dockside Butcher",UNL,1,UNIT,FURY,false,false,https://cmsassets.rgpub.io/sanity/images/dsfx7636/game_data_live/e0ce05148d7368070bcc8c0a43f66ece0834653a-744x1039.png
"Pyke, Returned",UNL,1,UNIT,CHAOS,false,false,https://cmsassets.rgpub.io/sanity/images/dsfx7636/game_data_live/2eaa5396b1cac9b245bde5a56b87314f8ae76a38-744x1039.png
"Qiyana, Victorious",OGN,1,UNIT,BODY,false,false,https://cmsassets.rgpub.io/sanity/images/dsfx7636/game_data_live/90d1a07ef0c6c8282e6eee77e479254f50752eb2-744x1039.png
Questionable Tome,VEN,1,GEAR,MIND,false,false,https://cmsassets.rgpub.io/sanity/images/dsfx7636/game_data_live/07bb606d7cbcb218496b78a4fef354abb99875dc-744x1039.png
Rabadon's Deathcrown,SFD,1,GEAR,CALM&MIND,false,false,https://cmsassets.rgpub.io/sanity/images/dsfx7636/game_data_live/e93d11bdae446762b1932f0327d2ffe489fa4481-744x1039.png
Radiant Dawn,OGN,1,LEGEND,CALM&ORDER,false,false,https://cmsassets.rgpub.io/sanity/images/dsfx7636/game_data_live/822b8bc7987a47498550708b18ef166b121fd620-744x1039.png
Radiant Dawn,OGN,1,LEGEND,CALM&ORDER,false,false,https://cmsassets.rgpub.io/sanity/images/dsfx7636/game_data_live/496d173b74d036a9e28ca1b4383551be0148f13d-1488x2078.png
Rage Amplifier,VEN,1,GEAR,FURY,false,false,https://cmsassets.rgpub.io/sanity/images/dsfx7636/game_data_live/83a7cd497dd42f535f8f0adc72c3c4324f9aec14-744x1039.png
Raging Firebrand,OGN,1,UNIT,FURY,false,false,https://cmsassets.rgpub.io/sanity/images/dsfx7636/game_data_live/9566fc064c098bd7f3540f3074dc6353c7ca5663-744x1039.png
Raging Soul,OGN,1,UNIT,FURY,false,false,https://cmsassets.rgpub.io/sanity/images/dsfx7636/game_data_live/037647d0decc94ff4a5d53b11cf36afe9d849533-744x1039.png
Rally the Troops,SFD,1,SPELL,ORDER,false,false,https://cmsassets.rgpub.io/sanity/images/dsfx7636/game_data_live/952476dd51338ff97774946ded134a2072b2e6c9-744x1039.png
Rampage,VEN,1,SPELL,BODY,false,false,https://cmsassets.rgpub.io/sanity/images/dsfx7636/game_data_live/3c85ae2c6bd5b2644651564fad0f86ad19c5709a-744x1039.png
Ravenbloom Conservatory,SFD,1,BATTLEFIELD,COLORLESS,false,false,https://cmsassets.rgpub.io/sanity/images/dsfx7636/game_data_live/6d820754b197eb5fb2af7567b7a7573e9a076e51-1039x744.png
Ravenbloom Prefect,VEN,1,UNIT,CHAOS,false,false,https://cmsassets.rgpub.io/sanity/images/dsfx7636/game_data_live/57ecb26880ea084ea16b785c9a563ff298ee6a42-744x1039.png
Ravenbloom Student,OGN,1,UNIT,MIND,false,false,https://cmsassets.rgpub.io/sanity/images/dsfx7636/game_data_live/b98b1ff793b6eb263957258742cc83d50fda6537-744x1039.png
Ravenborn Tome,OGN,1,GEAR,FURY,false,false,https://cmsassets.rgpub.io/sanity/images/dsfx7636/game_data_live/81f968126026635e5b9a2fa1048fc979fcd13a1d-744x1039.png
Reaver's Row,OGN,1,BATTLEFIELD,COLORLESS,false,false,https://cmsassets.rgpub.io/sanity/images/dsfx7636/game_data_live/7d99fe84c9b815463198b5dbad694759940cac12-1038x744.png
Rebuke,OGN,1,SPELL,CHAOS,false,false,https://cmsassets.rgpub.io/sanity/images/dsfx7636/game_data_live/c8e1ad72e9d562f9267c1512f29e9c04dc5cc15f-744x1039.png
Rebuttal,VEN,1,SPELL,MIND&CHAOS,false,false,https://cmsassets.rgpub.io/sanity/images/dsfx7636/game_data_live/2df67fe2ba17f0796ff1f9c03b85d2db48fe954b-744x1039.png
Reckoner's Arena,OGN,1,BATTLEFIELD,COLORLESS,false,false,https://cmsassets.rgpub.io/sanity/images/dsfx7636/game_data_live/6b7d867487efcbefa8c3d67043a839497ec50388-1038x744.png
Recruit (DE),OGN,1,UNIT,COLORLESS,false,false,https://cmsassets.rgpub.io/sanity/images/dsfx7636/game_data_live/7c3362dc6e6e6fb724ef31b061a44d2976f5b01f-744x1039.png
Recruit (NX),OGN,1,UNIT,COLORLESS,false,false,https://cmsassets.rgpub.io/sanity/images/dsfx7636/game_data_live/c168ca334739090a060710dfc440982c3462ac8c-744x1039.png
Recruit (ZN),OGN,1,UNIT,COLORLESS,false,false,https://cmsassets.rgpub.io/sanity/images/dsfx7636/game_data_live/d93ec9a524a2989b9d7ef23c6fc02e8ce39959c2-744x1039.png
Recruit the Vanguard,OGS,1,SPELL,ORDER,false,false,https://cmsassets.rgpub.io/sanity/images/dsfx7636/game_data_live/81d1c47459606f7b627778cce9b5f0e44d80f7fa-744x1039.png
Recurve Bow,SFD,1,GEAR,FURY,false,false,https://cmsassets.rgpub.io/sanity/images/dsfx7636/game_data_live/763604237b4b59df5df98f61528be2233b850dd5-744x1039.png
Red Brambleback,UNL,1,UNIT,FURY,false,false,https://cmsassets.rgpub.io/sanity/images/dsfx7636/game_data_live/14e9d009985f6a0d8ab63416aee7570ede42c657-744x1039.png
Reinforce,OGN,1,SPELL,CALM,false,false,https://cmsassets.rgpub.io/sanity/images/dsfx7636/game_data_live/5bb4ce960c7636dac103c560a2e2f4e32f9d5390-744x1039.png
"Rek'Sai, Breacher",SFD,1,UNIT,FURY,false,false,https://cmsassets.rgpub.io/sanity/images/dsfx7636/game_data_live/999e2d25ea32da971e7b99b6e75558286c17949e-744x1039.png
"Rek'Sai, Swarm Queen",SFD,1,UNIT,ORDER,false,false,https://cmsassets.rgpub.io/sanity/images/dsfx7636/game_data_live/5470aaad3bdb7ff5d2e605b07d93cedb7254c54d-744x1039.png
Relentless Pursuit,SFD,1,SPELL,FURY&BODY,false,false,https://cmsassets.rgpub.io/sanity/images/dsfx7636/game_data_live/48754730486abefdb56221d0760b9c963aae7c09-744x1039.png
Relentless Storm,OGN,1,LEGEND,FURY&BODY,false,false,https://cmsassets.rgpub.io/sanity/images/dsfx7636/game_data_live/f1842ef373434db3e8109d8959832f9d184866c3-744x1040.png
Relentless Storm,OGN,1,LEGEND,FURY&BODY,false,false,https://cmsassets.rgpub.io/sanity/images/dsfx7636/game_data_live/34aa11c88735be28266dbc61486a557454fd6b4c-1488x2078.png
"Rell, Magnetic",SFD,1,UNIT,FURY,false,false,https://cmsassets.rgpub.io/sanity/images/dsfx7636/game_data_live/8aa1a9cf0a91a9ab601d5e5d42a438d4217eddd7-744x1039.png
Reluctant Leader,VEN,1,UNIT,ORDER,false,false,https://cmsassets.rgpub.io/sanity/images/dsfx7636/game_data_live/d70352ba57ae548c405614ec6ba2bb17d7a19a44-744x1039.png
"Renata Glasc, Industrialist",SFD,1,UNIT,ORDER,false,false,https://cmsassets.rgpub.io/sanity/images/dsfx7636/game_data_live/edacb8a82d840f2fe46233de9157319a1dc6361a-744x1039.png
"Renata Glasc, Mastermind",SFD,1,UNIT,MIND,false,false,https://cmsassets.rgpub.io/sanity/images/dsfx7636/game_data_live/be8f7e08562c076e8947aafc3ecd202051d17c02-744x1039.png
"Renekton, Brute",VEN,1,UNIT,BODY,false,false,https://cmsassets.rgpub.io/sanity/images/dsfx7636/game_data_live/49ebe990f1d3631e3c18fc37323c49f49bf159fa-744x1039.png
"Renekton, Brute",VEN,1,UNIT,BODY,false,false,https://cmsassets.rgpub.io/sanity/images/dsfx7636/game_data_live/0b4340e30e46f1784b31b9a110903825b7428a94-744x1039.png
"Renekton, Rage Fueled",VEN,1,UNIT,FURY,false,false,https://cmsassets.rgpub.io/sanity/images/dsfx7636/game_data_live/2f6eb3e8328048ad52617c8639ecbe2c287efa36-744x1039.png
"Rengar, Pouncing",SFD,1,UNIT,FURY,false,false,https://cmsassets.rgpub.io/sanity/images/dsfx7636/game_data_live/e24eb3fb835c4762479da5608b018785ef22e02c-744x1039.png
"Rengar, Trophy Hunter",VEN,1,UNIT,BODY,false,false,https://cmsassets.rgpub.io/sanity/images/dsfx7636/game_data_live/1f16f5b1f980106057606a2faa3cce64fa4850e7-744x1039.png
"Rengar, Trophy Hunter",UNL,1,UNIT,BODY,false,false,https://cmsassets.rgpub.io/sanity/images/dsfx7636/game_data_live/8e159fd8aa9bb349e32bda6a10b0178cc28ca8dd-744x1039.png
"Rengar, Unseen",UNL,1,UNIT,FURY,false,false,https://cmsassets.rgpub.io/sanity/images/dsfx7636/game_data_live/80c7d1c62301dd6e3ced910156f3fdeb8d34a621-744x1039.png
Repair Specialist,VEN,1,UNIT,BODY,false,false,https://cmsassets.rgpub.io/sanity/images/dsfx7636/game_data_live/b1ef578e372e64afbce717384fb8a3b7fd841fc8-744x1039.png
Repulse,UNL,1,SPELL,BODY,false,false,https://cmsassets.rgpub.io/sanity/images/dsfx7636/game_data_live/ca56ad44ec24db67e10a4ee18f5c7f3756c83d94-744x1039.png
Resonating Strike,VEN,1,SPELL,CALM,false,false,https://cmsassets.rgpub.io/sanity/images/dsfx7636/game_data_live/1a625de128019d65d41dd0af4f8d189d5de530a5-744x1039.png
Retreat,OGN,1,SPELL,MIND,false,false,https://cmsassets.rgpub.io/sanity/images/dsfx7636/game_data_live/71ecf6c06d3110a81ac0f01c726c06921f479a13-744x1039.png
Revna the Lorekeeper,UNL,1,UNIT,FURY,false,false,https://cmsassets.rgpub.io/sanity/images/dsfx7636/game_data_live/8e251eed411d614de504480181b357df3f78b133-744x1039.png
Rhasa the Sunderer,OGN,1,UNIT,CHAOS,false,false,https://cmsassets.rgpub.io/sanity/images/dsfx7636/game_data_live/e34fe8a9ee533dee99f96b4e6677d1edbd6a262d-744x1039.png
Ribbon Dancer,SFD,1,UNIT,CALM,false,false,https://cmsassets.rgpub.io/sanity/images/dsfx7636/game_data_live/92550ab70647046115133c7547423bcf308906f6-744x1039.png
Ride the Wind,OGN,1,SPELL,CHAOS,false,false,https://cmsassets.rgpub.io/sanity/images/dsfx7636/game_data_live/864d9f8992db7f9a9e795d9438d941ca564ddde7-744x1039.png
Rift Herald,UNL,1,UNIT,ORDER,false,false,https://cmsassets.rgpub.io/sanity/images/dsfx7636/game_data_live/4da94f3af92222bebe7be49197ef8d840772d73d-744x1039.png
Right of Conquest,UNL,1,SPELL,FURY,false,false,https://cmsassets.rgpub.io/sanity/images/dsfx7636/game_data_live/2467e43f316e8700ad43b66e3b5d490f3f9d3cea-744x1039.png
Riposte,SFD,1,SPELL,BODY&ORDER,false,false,https://cmsassets.rgpub.io/sanity/images/dsfx7636/game_data_live/07af52eada661904b467ca118c2715435f0a3b00-744x1039.png
Ripper's Bay,UNL,1,BATTLEFIELD,COLORLESS,false,false,https://cmsassets.rgpub.io/sanity/images/dsfx7636/game_data_live/f6d0540edbabcdb7d5a6859ce2f820f744cb498c-1039x744.png
Riptide Rex,OGN,1,UNIT,MIND,false,false,https://cmsassets.rgpub.io/sanity/images/dsfx7636/game_data_live/e09bf1fb6d72da31d415ea31ae7413fe7f02d650-744x1039.png
Risen Altar,VEN,1,BATTLEFIELD,COLORLESS,false,false,https://cmsassets.rgpub.io/sanity/images/dsfx7636/game_data_live/47402ed9d5eebb9e38176315bdaf1a556845eef7-1039x744.png
"Riven, Shattered",VEN,1,UNIT,CALM,false,false,https://cmsassets.rgpub.io/sanity/images/dsfx7636/game_data_live/929f7184d11756933729ab4d7e2e88547e6dd49b-744x1039.png
"Riven, Shattered",VEN,1,UNIT,CALM,false,false,https://cmsassets.rgpub.io/sanity/images/dsfx7636/game_data_live/8c16a53ee243e468f3c337de4354668665f3b386-744x1039.png
Rocket Barrage,SFD,1,SPELL,MIND,false,false,https://cmsassets.rgpub.io/sanity/images/dsfx7636/game_data_live/0378f9adf9df08fed264fdd217ce0e94c3f611cb-744x1039.png
Rockfall Path,SFD,1,BATTLEFIELD,COLORLESS,false,false,https://cmsassets.rgpub.io/sanity/images/dsfx7636/game_data_live/a1bde66bccf2786e7c0b9d44fcdcdaa6b59f0328-1039x744.png
Rogue Assassin,VEN,1,LEGEND,FURY&CALM,false,false,https://cmsassets.rgpub.io/sanity/images/dsfx7636/game_data_live/7b0ec31df147b40bbb83c40644252b48a7619593-744x1039.png
Rogue Assassin,VEN,1,LEGEND,FURY&CALM,false,false,https://cmsassets.rgpub.io/sanity/images/dsfx7636/game_data_live/0d53b477ed43fb9bbed84858443a606b2b51a2b5-744x1039.png
Royal Entourage,SFD,1,UNIT,CALM,false,false,https://cmsassets.rgpub.io/sanity/images/dsfx7636/game_data_live/a6f3ce580860fe80fdf1b41533ba89b5060e946a-744x1039.png
Royal Guard,SFD,1,UNIT,ORDER,false,false,https://cmsassets.rgpub.io/sanity/images/dsfx7636/game_data_live/919d79a3f5a38c78476e6414a898a0dc7b385629-744x1039.png
Ruin Runner,SFD,1,UNIT,BODY,false,false,https://cmsassets.rgpub.io/sanity/images/dsfx7636/game_data_live/08abcf17d3356325b0c1b83a78a87be855e5a71a-744x1039.png
Ruined Rex,UNL,1,UNIT,MIND,false,false,https://cmsassets.rgpub.io/sanity/images/dsfx7636/game_data_live/05fc9613bd3a3c3c5002ff1d7d665b37fd18dcb7-744x1039.png
"Rumble, Hotheaded",SFD,1,UNIT,FURY,false,false,https://cmsassets.rgpub.io/sanity/images/dsfx7636/game_data_live/e211311ecb1475e87d3d94eba4a6774b4e900091-744x1039.png
"Rumble, Scrapper",SFD,1,UNIT,MIND,false,false,https://cmsassets.rgpub.io/sanity/images/dsfx7636/game_data_live/6528aa0656cac59ff7299bc8bdac371238038080-744x1039.png
Rune Prison,OGN,1,SPELL,CALM,false,false,https://cmsassets.rgpub.io/sanity/images/dsfx7636/game_data_live/21867baeaced3c22cda5f40f6b6c9a8dad4b7042-744x1039.png
Ruthless Strike,VEN,1,SPELL,FURY,false,false,https://cmsassets.rgpub.io/sanity/images/dsfx7636/game_data_live/90293ef9407950d171f5fdd040da289a0f6da487-744x1039.png
Sabotage,OGN,1,SPELL,BODY,false,false,https://cmsassets.rgpub.io/sanity/images/dsfx7636/game_data_live/70f186b85fd224ee23dcf64957f0fab835d28040-744x1039.png
Sacred Protector,VEN,1,UNIT,ORDER,false,false,https://cmsassets.rgpub.io/sanity/images/dsfx7636/game_data_live/a93887af1128d19cdec798611ffdd29900ac5d85-744x1039.png
Sacred Shears,SFD,1,GEAR,ORDER,false,false,https://cmsassets.rgpub.io/sanity/images/dsfx7636/game_data_live/af1069aef68d413127dfa84e4e96b8d66a8720ca-744x1039.png
Sacrifice,UNL,1,SPELL,ORDER,false,false,https://cmsassets.rgpub.io/sanity/images/dsfx7636/game_data_live/139153ae4b4f786442018c09765c67e35515df24-744x1039.png
Safety Inspector,UNL,1,UNIT,ORDER,false,false,https://cmsassets.rgpub.io/sanity/images/dsfx7636/game_data_live/499e65eb2d35e2bd774ea7fe2a70672234f71e90-744x1039.png
Sai Scout,OGN,1,UNIT,CHAOS,false,false,https://cmsassets.rgpub.io/sanity/images/dsfx7636/game_data_live/eab1fc8c95931519319c4c80681a261d75214c48-744x1039.png
Salvage,OGN,1,SPELL,ORDER,false,false,https://cmsassets.rgpub.io/sanity/images/dsfx7636/game_data_live/9bdbac358e7c9415c1354b6d1f6888dcf9c5519b-744x1039.png
Sanction,VEN,1,SPELL,CALM,false,false,https://cmsassets.rgpub.io/sanity/images/dsfx7636/game_data_live/daef24792dddefd0971b34d01bd60bc3b11adcca-744x1039.png
Sandshifter,SFD,1,UNIT,ORDER,false,false,https://cmsassets.rgpub.io/sanity/images/dsfx7636/game_data_live/57f72b30862074bb5d1f302e86ee3cec024cd980-744x1039.png
Sandstone Chimera,VEN,1,UNIT,CALM,false,false,https://cmsassets.rgpub.io/sanity/images/dsfx7636/game_data_live/7a483e91e2bbb81bc8f66697bd610427b080b45c-744x1039.png
Sandswept Tomb,VEN,1,BATTLEFIELD,COLORLESS,false,false,https://cmsassets.rgpub.io/sanity/images/dsfx7636/game_data_live/d77c607878d6815e02796f8bfa8a5696ad5f1a7d-1039x744.png
Scorchclaw,UNL,1,UNIT,FURY,false,false,https://cmsassets.rgpub.io/sanity/images/dsfx7636/game_data_live/f69940824f8ce62a479df28988dcbdf6ea6d3960-744x1039.png
Scorn of the Moon,UNL,1,LEGEND,MIND&CHAOS,false,false,https://cmsassets.rgpub.io/sanity/images/dsfx7636/game_data_live/b00d922d62daca19190e13149fe3cf725c900330-744x1039.png
Scorn of the Moon,UNL,1,LEGEND,MIND&CHAOS,false,false,https://cmsassets.rgpub.io/sanity/images/dsfx7636/game_data_live/8bd4006c34aa020211e501e3cb7ee14ab5b4c41f-744x1039.png
Scrapheap,OGN,1,GEAR,CHAOS,false,false,https://cmsassets.rgpub.io/sanity/images/dsfx7636/game_data_live/0c059786e89a2443221b7c0b8ca39779dcc9c755-744x1038.png
Scrapyard Champion,OGN,1,UNIT,FURY,false,false,https://cmsassets.rgpub.io/sanity/images/dsfx7636/game_data_live/10f096d2b469fd73329386e5efe88c9bec667d7c-744x1039.png
Scrutinizing Sergeant,UNL,1,UNIT,ORDER,false,false,https://cmsassets.rgpub.io/sanity/images/dsfx7636/game_data_live/18a034ba1f4eaf7204312ca68ffb413012f6cf6b-744x1039.png
Scryer's Bloom,UNL,1,GEAR,CHAOS,false,false,https://cmsassets.rgpub.io/sanity/images/dsfx7636/game_data_live/b10a544d24d3ae3e177d4791743bb2cfb742abcc-744x1039.png
Scuttle Crab,UNL,1,UNIT,CALM,false,false,https://cmsassets.rgpub.io/sanity/images/dsfx7636/game_data_live/8c9a251b2deb21716fba0ac83c6aac96563fa19d-744x1039.png
Sea Monkey,SFD,1,UNIT,BODY,false,false,https://cmsassets.rgpub.io/sanity/images/dsfx7636/game_data_live/0ef7f1de2bc7845f5e3dace1634c6c58a8765452-744x1039.png
Seal of Discord,SFD,1,GEAR,CHAOS,false,false,https://cmsassets.rgpub.io/sanity/images/dsfx7636/game_data_live/9263b8f36725a4cec320c1049608824ae72f6237-744x1039.png
Seal of Discord,OGN,1,GEAR,CHAOS,false,false,https://cmsassets.rgpub.io/sanity/images/dsfx7636/game_data_live/dd8433e77e46ca77aaf0be35d1774218d9a2f037-744x1039.png
Seal of Focus,OGN,1,GEAR,CALM,false,false,https://cmsassets.rgpub.io/sanity/images/dsfx7636/game_data_live/288c300c4e4cb10ecfe6c3cbb543d0636b306852-744x1039.png
Seal of Focus,SFD,1,GEAR,CALM,false,false,https://cmsassets.rgpub.io/sanity/images/dsfx7636/game_data_live/8b6bb0da7d3b37dad51148b7914e7d2b840b6482-744x1039.png
Seal of Insight,SFD,1,GEAR,MIND,false,false,https://cmsassets.rgpub.io/sanity/images/dsfx7636/game_data_live/eb4559c507f09cabc3735973a1b20d83688d2f9d-744x1039.png
Seal of Insight,OGN,1,GEAR,MIND,false,false,https://cmsassets.rgpub.io/sanity/images/dsfx7636/game_data_live/9ee0dc0221f83d569e0f458374e40f7238f306c2-744x1039.png
Seal of Rage,SFD,1,GEAR,FURY,false,false,https://cmsassets.rgpub.io/sanity/images/dsfx7636/game_data_live/669d4dd94cf2d88ad58333c13a98cca2014e71aa-744x1039.png
Seal of Rage,OGN,1,GEAR,FURY,false,false,https://cmsassets.rgpub.io/sanity/images/dsfx7636/game_data_live/fbdd14adb40b0ca46b89f476a356fa21413d812e-744x1039.png
Seal of Strength,SFD,1,GEAR,BODY,false,false,https://cmsassets.rgpub.io/sanity/images/dsfx7636/game_data_live/dd5c24995d5c6d327b5101da3d6426f1a75a49ef-744x1039.png
Seal of Strength,OGN,1,GEAR,BODY,false,false,https://cmsassets.rgpub.io/sanity/images/dsfx7636/game_data_live/415644b2798348e3d7198ec900cc40aaa4eb8bdf-744x1039.png
Seal of Unity,SFD,1,GEAR,ORDER,false,false,https://cmsassets.rgpub.io/sanity/images/dsfx7636/game_data_live/228dbde67ec37f9a0b28f81e40fce5a8fa7af56b-744x1039.png
Seal of Unity,OGN,1,GEAR,ORDER,false,false,https://cmsassets.rgpub.io/sanity/images/dsfx7636/game_data_live/e6fbd41d69bc0d235ea7993d2e9fa74e75e17dff-744x1039.png
Seat of Power,SFD,1,BATTLEFIELD,COLORLESS,false,false,https://cmsassets.rgpub.io/sanity/images/dsfx7636/game_data_live/8b9db30f8eedd5e5463a0fceaeaf90069bce39ae-1039x744.png
Sentinel Adept,SFD,1,UNIT,FURY,false,false,https://cmsassets.rgpub.io/sanity/images/dsfx7636/game_data_live/94e213b77131d9a67e51743a35fc5dff80fd79ec-744x1039.png
Serene Ascetic,VEN,1,UNIT,CALM,false,false,https://cmsassets.rgpub.io/sanity/images/dsfx7636/game_data_live/7acc2f9fcdec5d2649e4a50dc3c96aeb31b87916-744x1039.png
Serrated Dirk,SFD,1,GEAR,FURY,false,false,https://cmsassets.rgpub.io/sanity/images/dsfx7636/game_data_live/9498c8146745124fc45a7b55184854a9c9da21f5-744x1039.png
"Sett, Brawler",SFD,1,UNIT,BODY,false,false,https://cmsassets.rgpub.io/sanity/images/dsfx7636/game_data_live/a13d5473e205cb9dd8123895c58ed6ac8f19e814-744x1039.png
"Sett, Brawler",OGN,1,UNIT,BODY,false,false,https://cmsassets.rgpub.io/sanity/images/dsfx7636/game_data_live/00ddd4d478f2e49e18a60ed67f4d1452041b7da3-744x1039.png
"Sett, Kingpin",OGN,1,UNIT,ORDER,false,false,https://cmsassets.rgpub.io/sanity/images/dsfx7636/game_data_live/bd43f1dcef824b66f1af994b59b961fc3705f9c3-744x1039.png
Shadow,UNL,1,UNIT,CALM&CHAOS,false,false,https://cmsassets.rgpub.io/sanity/images/dsfx7636/game_data_live/690ee4937b3926810d8ed814afd14d4d9e98b13e-744x1039.png
Shadow Assassin,VEN,1,UNIT,FURY,false,false,https://cmsassets.rgpub.io/sanity/images/dsfx7636/game_data_live/d5c1aed33b6aa109ff2baea8b3e0c146af750dcc-744x1039.png
Shadow Dash,VEN,1,SPELL,CALM&ORDER,false,false,https://cmsassets.rgpub.io/sanity/images/dsfx7636/game_data_live/c95a4862c3af5f3ec1cee1f1ae7291c8724df7a1-744x1039.png
Shadow Fiend,VEN,1,UNIT,FURY,false,false,https://cmsassets.rgpub.io/sanity/images/dsfx7636/game_data_live/3bbeed15ac517c2e39c039e376553ce7e1c65f0c-744x1039.png
Shadow Order Disciple,VEN,1,UNIT,CHAOS,false,false,https://cmsassets.rgpub.io/sanity/images/dsfx7636/game_data_live/f85fb8b46a29360f9850826df11202ff8221fec8-744x1039.png
Shadow Temple,VEN,1,BATTLEFIELD,COLORLESS,false,false,https://cmsassets.rgpub.io/sanity/images/dsfx7636/game_data_live/635a3a0b724a2cfc11938ecbc1d8abddd89d3436-1039x744.png
Shadow Watcher,UNL,1,UNIT,CALM,false,false,https://cmsassets.rgpub.io/sanity/images/dsfx7636/game_data_live/f6f5ff413efc57d7948b4b9a46a4bba6eebd39d2-744x1039.png
Shadow's Call,UNL,1,SPELL,ORDER,false,false,https://cmsassets.rgpub.io/sanity/images/dsfx7636/game_data_live/5a9a81d353131fc275313e737d55ca6e2661dce6-744x1039.png
Shadowblade Lurker,VEN,1,UNIT,CHAOS,false,false,https://cmsassets.rgpub.io/sanity/images/dsfx7636/game_data_live/f42e9286c968db8cd37fb2911617b8c78de7d516-744x1040.png
Shadows of the Past,VEN,1,SPELL,CHAOS,false,false,https://cmsassets.rgpub.io/sanity/images/dsfx7636/game_data_live/25e2130938a893833fcb8e29287adbd230c3b67f-744x1039.png
Shady Spectacles,VEN,1,GEAR,ORDER,false,false,https://cmsassets.rgpub.io/sanity/images/dsfx7636/game_data_live/e49461109a4116c22af9206719f53fb73aee36d0-744x1039.png
Shakedown,OGN,1,SPELL,FURY,false,false,https://cmsassets.rgpub.io/sanity/images/dsfx7636/game_data_live/ab71d92c94bf609e2fa6efc8fec06fe1e8b10108-744x1039.png
Shard of Undoing,UNL,1,GEAR,ORDER,false,false,https://cmsassets.rgpub.io/sanity/images/dsfx7636/game_data_live/d167f4e37714f0f8983fce16a9c657bc7ce39642-744x1039.png
Sharkling,UNL,1,UNIT,FURY,false,false,https://cmsassets.rgpub.io/sanity/images/dsfx7636/game_data_live/f2aa213fe1e54d0d6f1507c7ed8829c8ba2bc610-744x1039.png
"Shen, Kinkou",OGN,1,UNIT,ORDER,false,false,https://cmsassets.rgpub.io/sanity/images/dsfx7636/game_data_live/25f3a9fa33201278ebf475b2d02dae8c0c0cb20c-744x1039.png
"Shen, Leader of the Kinkou Order",VEN,1,UNIT,ORDER,false,false,https://cmsassets.rgpub.io/sanity/images/dsfx7636/game_data_live/b227d9f9abc6f165beffba4eaf3b5819cf06eab4-744x1039.png
"Shen, Scourge of Shadows",VEN,1,UNIT,CALM,false,false,https://cmsassets.rgpub.io/sanity/images/dsfx7636/game_data_live/bbe849918c7f4189379ae8957dd427a3f272a1a6-744x1039.png
"Shen, Scourge of Shadows",VEN,1,UNIT,CALM,false,false,https://cmsassets.rgpub.io/sanity/images/dsfx7636/game_data_live/56d6b54bdc2ae37579da820cec613c127a8843d3-744x1039.png
Shepherd's Heirloom,UNL,1,GEAR,ORDER,false,false,https://cmsassets.rgpub.io/sanity/images/dsfx7636/game_data_live/fadd95487f164f60c9ad08a457f11170c6afa420-744x1039.png
Shipyard Skulker,OGN,1,UNIT,CHAOS,false,false,https://cmsassets.rgpub.io/sanity/images/dsfx7636/game_data_live/000634f32b897638760b82e5365961f6d85bc0cb-744x1039.png
Shock Blast,VEN,1,SPELL,MIND,false,false,https://cmsassets.rgpub.io/sanity/images/dsfx7636/game_data_live/a8b976725e4722dcbf327cde9f92625cb516150e-744x1039.png
Show of Strength,SFD,1,SPELL,BODY,false,false,https://cmsassets.rgpub.io/sanity/images/dsfx7636/game_data_live/d04ac6687931018fd68368c65cc024155867cab4-744x1039.png
Showstopper,OGN,1,SPELL,BODY&ORDER,false,false,https://cmsassets.rgpub.io/sanity/images/dsfx7636/game_data_live/c9b6f7a7cca1589fb53276f74ac8bc547b31e5ec-744x1039.png
Shurelya's Requiem,SFD,1,GEAR,CALM&MIND,false,false,https://cmsassets.rgpub.io/sanity/images/dsfx7636/game_data_live/6f2f7175e61486859d7f5da804e41733d66b2254-744x1039.png
Shuriken Flip,VEN,1,SPELL,FURY&CALM,false,false,https://cmsassets.rgpub.io/sanity/images/dsfx7636/game_data_live/bac1ecff92d022e99a3696ad00d020530a1a09e7-744x1039.png
Sigil of the Storm,OGN,1,BATTLEFIELD,COLORLESS,false,false,https://cmsassets.rgpub.io/sanity/images/dsfx7636/game_data_live/9b795e7a2af421aabc01dc6f35c0b5d547fe3c0e-1038x744.png
Simian Ancestor,SFD,1,UNIT,CALM,false,false,https://cmsassets.rgpub.io/sanity/images/dsfx7636/game_data_live/901a77a01e869f1f38f7a0b1ba5ae28f06b54a08-744x1039.png
Singularity,OGN,1,SPELL,MIND,false,false,https://cmsassets.rgpub.io/sanity/images/dsfx7636/game_data_live/792edce1a64d4a92740aa3fa240e21e161513944-744x1039.png
Sinister Poro,UNL,1,UNIT,CHAOS,false,false,https://cmsassets.rgpub.io/sanity/images/dsfx7636/game_data_live/7f2a623a83556bafebfbe7cb280bdedcfe116531-744x1039.png
Siphon Power,OGN,1,SPELL,MIND&ORDER,false,false,https://cmsassets.rgpub.io/sanity/images/dsfx7636/game_data_live/b449170ba312711c82708d1fea2b044822ce5eaa-744x1039.png
Siphoning Strike,VEN,1,SPELL,CALM&MIND,false,false,https://cmsassets.rgpub.io/sanity/images/dsfx7636/game_data_live/8b28e4a0681eee9b19c29770a5f167e1e68c78cf-744x1039.png
"Sivir, Ambitious",SFD,1,UNIT,BODY,false,false,https://cmsassets.rgpub.io/sanity/images/dsfx7636/game_data_live/bd3f242c9ca59cfc2d7dc5b146877c66bb310bb7-744x1039.png
"Sivir, Mercenary",SFD,1,UNIT,CHAOS,false,false,https://cmsassets.rgpub.io/sanity/images/dsfx7636/game_data_live/cb07b4adc6e301fae973ab13156028390facbad2-744x1039.png
Sky Cruiser,VEN,1,UNIT,MIND,false,false,https://cmsassets.rgpub.io/sanity/images/dsfx7636/game_data_live/4a99fbe995f6d5d71c1c46e1c38f64a9f9d7c3e9-744x1039.png
Sky Splitter,OGN,1,SPELL,FURY,false,false,https://cmsassets.rgpub.io/sanity/images/dsfx7636/game_data_live/01faae468720dd5bf5e3fe12ba56c01af70263be-744x1039.png
Skyfall of Areion,SFD,1,GEAR,FURY,false,false,https://cmsassets.rgpub.io/sanity/images/dsfx7636/game_data_live/bea8390beb651502413cf644319c8ca6a8db1102-744x1039.png
Skyward Strike,UNL,1,SPELL,CALM,false,false,https://cmsassets.rgpub.io/sanity/images/dsfx7636/game_data_live/998740e590fec024f204ad26ed7e2dad2a0c8d66-744x1039.png
Smite,UNL,1,SPELL,FURY,false,false,https://cmsassets.rgpub.io/sanity/images/dsfx7636/game_data_live/f46252e8c65a2eb3f476ea51f214af7651d0622d-744x1039.png
Smoke Screen,OGN,1,SPELL,MIND,false,false,https://cmsassets.rgpub.io/sanity/images/dsfx7636/game_data_live/06c34457afd09b828ee0b2862ed51eb31004d888-744x1039.png
Smoke and Mirrors,UNL,1,SPELL,MIND,false,false,https://cmsassets.rgpub.io/sanity/images/dsfx7636/game_data_live/38886634ee8646707d9c26020f977f14c934a4c0-744x1039.png
Sneaky Deckhand,OGN,1,UNIT,CHAOS,false,false,https://cmsassets.rgpub.io/sanity/images/dsfx7636/game_data_live/6f95b6aac293d8e477192281df47d8466da502bf-744x1039.png
Soaring Scout,OGN,1,UNIT,ORDER,false,false,https://cmsassets.rgpub.io/sanity/images/dsfx7636/game_data_live/75b6ce420888035b566c3795cabe0999a9a918b0-744x1039.png
Solari Chief,OGN,1,UNIT,ORDER,false,false,https://cmsassets.rgpub.io/sanity/images/dsfx7636/game_data_live/02fd791fdaa7d1c63221655e889fb412de103ca2-744x1039.png
Solari Shieldbearer,OGN,1,UNIT,CALM,false,false,https://cmsassets.rgpub.io/sanity/images/dsfx7636/game_data_live/9387ea6480c9fd6991760b07a178c07a5fcf1c57-744x1039.png
Solari Shrine,OGN,1,GEAR,CALM,false,false,https://cmsassets.rgpub.io/sanity/images/dsfx7636/game_data_live/139a6d1c62a717bab4cdd75926e7f4aba6efb15d-744x1039.png
Solari Sunhawk,VEN,1,UNIT,ORDER,false,false,https://cmsassets.rgpub.io/sanity/images/dsfx7636/game_data_live/1aaf389ca46bd9122233aadcfd23fee8f9cdfdc9-744x1039.png
"Sona, Harmonious",OGN,1,UNIT,CALM,false,false,https://cmsassets.rgpub.io/sanity/images/dsfx7636/game_data_live/8582f6430821fb912fcb3619c5ce9405f254cb2f-744x1039.png
"Soraka, Wanderer",SFD,1,UNIT,ORDER,false,false,https://cmsassets.rgpub.io/sanity/images/dsfx7636/game_data_live/fc329097625a1f98a564134945950bd3bd3610a3-744x1039.png
"Soraka, Wanderer",SFD,1,UNIT,ORDER,false,false,https://cmsassets.rgpub.io/sanity/images/dsfx7636/game_data_live/91fd5050b8caded842ce22c1e473f237cd991efd-744x1039.png
Soul Harvest,UNL,1,SPELL,ORDER,false,false,https://cmsassets.rgpub.io/sanity/images/dsfx7636/game_data_live/baee7644d00219dfa4160d59e6f6e78e55f5e619-744x1039.png
Soul Shepherd,UNL,1,UNIT,MIND,false,false,https://cmsassets.rgpub.io/sanity/images/dsfx7636/game_data_live/cb2a157e715ef103e688e094c21f772003775e45-744x1039.png
Soul Sword,UNL,1,GEAR,CALM,false,false,https://cmsassets.rgpub.io/sanity/images/dsfx7636/game_data_live/519361230cb8554cdf0f5dd795e115ffbb5bb932-744x1039.png
Soul's Reflection,VEN,1,LEGEND,MIND&CHAOS,false,false,https://cmsassets.rgpub.io/sanity/images/dsfx7636/game_data_live/f56cf2a3755318e1dc6afd01736f2a4d759cd4a1-744x1039.png
Soul's Reflection,VEN,1,LEGEND,MIND&CHAOS,false,false,https://cmsassets.rgpub.io/sanity/images/dsfx7636/game_data_live/2e9e60b3f161b41219c40ef0426049634fb7ba1a-744x1039.png
Soulgorger,OGN,1,UNIT,CHAOS,false,false,https://cmsassets.rgpub.io/sanity/images/dsfx7636/game_data_live/439c4fa7c8c47cba41df8bce3fe3c8068d297382-744x1039.png
Soulspinner,VEN,1,UNIT,ORDER,false,false,https://cmsassets.rgpub.io/sanity/images/dsfx7636/game_data_live/9a23a1f2c83751c2a715049be32c2482ea10454d-744x1039.png
Spectral Centaur,UNL,1,UNIT,MIND,false,false,https://cmsassets.rgpub.io/sanity/images/dsfx7636/game_data_live/60fb267f2d0cd16714d35a0eefd0d5864304102b-744x1039.png
Spectral Matron,OGN,1,UNIT,ORDER,false,false,https://cmsassets.rgpub.io/sanity/images/dsfx7636/game_data_live/c8aebd03c8722d485ebfc38774488778c756ff5c-744x1039.png
Spiderling,VEN,1,UNIT,CHAOS,false,false,https://cmsassets.rgpub.io/sanity/images/dsfx7636/game_data_live/fadf12e6e52eb5c70c65b479438f999f49d825fc-744x1039.png
Spinning Axe,SFD,1,GEAR,FURY&CHAOS,false,false,https://cmsassets.rgpub.io/sanity/images/dsfx7636/game_data_live/e4e0328034e605d000e23ac5e820d233f0e3b520-744x1039.png
Spirit Wheel,SFD,1,GEAR,CHAOS,false,false,https://cmsassets.rgpub.io/sanity/images/dsfx7636/game_data_live/d83d994e6dc7949eb783da16f4bbdb64342a8dfb-744x1039.png
Spirit's Refuge,OGN,1,GEAR,CALM,false,false,https://cmsassets.rgpub.io/sanity/images/dsfx7636/game_data_live/26d5e54580d1f17ed6c35a66ac6a90ce56c99ec8-744x1039.png
Spoils of War,OGN,1,SPELL,BODY,false,false,https://cmsassets.rgpub.io/sanity/images/dsfx7636/game_data_live/b8d59d015d6b8e15822b360447fcb364e14d550f-744x1039.png
Sprite,OGN,1,UNIT,COLORLESS,false,false,https://cmsassets.rgpub.io/sanity/images/dsfx7636/game_data_live/055892752559d2d3d32e76f491a7a0b540e1a669-744x1039.png
Sprite Burst,UNL,1,SPELL,MIND,false,false,https://cmsassets.rgpub.io/sanity/images/dsfx7636/game_data_live/4427ceffae1c3e7b012167461ce7c080bb2c1fe4-744x1039.png
Sprite Call,OGN,1,SPELL,MIND,false,false,https://cmsassets.rgpub.io/sanity/images/dsfx7636/game_data_live/ab3db48dcbb12b01151d3a08c2412020380b7ca5-744x1039.png
Sprite Fountain,UNL,1,GEAR,MIND,false,false,https://cmsassets.rgpub.io/sanity/images/dsfx7636/game_data_live/fcb3ea3e8f829b8dc845fbf49080552d635bb47b-744x1039.png
Sprite Mother,OGN,1,UNIT,MIND,false,false,https://cmsassets.rgpub.io/sanity/images/dsfx7636/game_data_live/65c06528f88de1ac207b382d4830ccfdd08a2d12-744x1039.png
Sprite Queen,UNL,1,UNIT,MIND,false,false,https://cmsassets.rgpub.io/sanity/images/dsfx7636/game_data_live/64b7debe0dd3d7b644f627eba562187bc45dd313-744x1039.png
Square Up,UNL,1,SPELL,FURY,false,false,https://cmsassets.rgpub.io/sanity/images/dsfx7636/game_data_live/5e14c09db2f064e5f6986f500a04335d73d459dd-744x1039.png
Stacked Deck,OGN,1,SPELL,CHAOS,false,false,https://cmsassets.rgpub.io/sanity/images/dsfx7636/game_data_live/fdcb22cb620a4c1c37920d6b744edb615647cbd4-744x1039.png
Stalking Wolf,UNL,1,UNIT,ORDER,false,false,https://cmsassets.rgpub.io/sanity/images/dsfx7636/game_data_live/5f5f66caad21d59bf966ddc501bb4f9c84a595c6-744x1039.png
Stalwart Poro,OGN,1,UNIT,CALM,false,false,https://cmsassets.rgpub.io/sanity/images/dsfx7636/game_data_live/c4a5d7178e783c3975749271b6df333a82a2328a-744x1039.png
Stand United,OGN,1,SPELL,CALM,false,false,https://cmsassets.rgpub.io/sanity/images/dsfx7636/game_data_live/4d10570e70a998de520d4baba254c3b726caa4f0-744x1039.png
Star Spring,UNL,1,BATTLEFIELD,COLORLESS,false,false,https://cmsassets.rgpub.io/sanity/images/dsfx7636/game_data_live/0c4fe88ffb5c1b02b58b2c6b4f02de441ac451d6-1039x744.png
Star-Crossed,UNL,1,SPELL,CHAOS,false,false,https://cmsassets.rgpub.io/sanity/images/dsfx7636/game_data_live/0bfa45e6e86dfc256de0163f96273b761e9592fb-744x1039.png
Stare Down,UNL,1,SPELL,BODY,false,false,https://cmsassets.rgpub.io/sanity/images/dsfx7636/game_data_live/58d0353a966bb0ca292855a0a55de5769e28d155-744x1039.png
Stargazer,VEN,1,UNIT,CHAOS,false,false,https://cmsassets.rgpub.io/sanity/images/dsfx7636/game_data_live/72ef8764cb3909940f0ca4bd8b31cdceed241af0-744x1039.png
Starhound,UNL,1,UNIT,ORDER,false,false,https://cmsassets.rgpub.io/sanity/images/dsfx7636/game_data_live/085edeb9e6bbb0fb71ab902393eb48ea33a8addc-744x1039.png
Startipped Peak,OGN,1,BATTLEFIELD,COLORLESS,false,false,https://cmsassets.rgpub.io/sanity/images/dsfx7636/game_data_live/05adde1d8ab40e2a2f832a89ac5c9174ee78796f-1038x744.png
Stealthy Pursuer,OGN,1,UNIT,CHAOS,false,false,https://cmsassets.rgpub.io/sanity/images/dsfx7636/game_data_live/ab23fd84badd67e9981512acbe6c3e9a8f97f42d-744x1039.png
Steel Paws,VEN,1,UNIT,CALM,false,false,https://cmsassets.rgpub.io/sanity/images/dsfx7636/game_data_live/79d9b6583ed8e7d5a1486f1c15b66b19fb7f69a5-744x1039.png
Stellacorn Herder,SFD,1,UNIT,CALM,false,false,https://cmsassets.rgpub.io/sanity/images/dsfx7636/game_data_live/1e7960a35d45dd55e934260ea23307853aa5afd4-744x1039.png
Sterak's Gage,SFD,1,GEAR,CALM,false,false,https://cmsassets.rgpub.io/sanity/images/dsfx7636/game_data_live/df16e6b668fc6771ff657512deba1bf48363e23a-744x1039.png
Stormbringer,OGN,1,SPELL,FURY&BODY,false,false,https://cmsassets.rgpub.io/sanity/images/dsfx7636/game_data_live/d86c4137cc7f77f103cd7d6228125df8cb9a54e1-744x1039.png
Stormclaw Ursine,OGN,1,UNIT,BODY,false,false,https://cmsassets.rgpub.io/sanity/images/dsfx7636/game_data_live/137e5a1faec1c8b26a5a0abc7802f6461cc725c8-744x1039.png
Strike Down,SFD,1,SPELL,BODY,false,false,https://cmsassets.rgpub.io/sanity/images/dsfx7636/game_data_live/3570810e867d132fd5a60cc3462f53f42b245ad9-744x1039.png
Stupefy,OGN,1,SPELL,MIND,false,false,https://cmsassets.rgpub.io/sanity/images/dsfx7636/game_data_live/837a5976192bbf8bdb4086429802167548ecc119-744x1039.png
Sudden Storm,SFD,1,SPELL,FURY,false,false,https://cmsassets.rgpub.io/sanity/images/dsfx7636/game_data_live/ba3e8c3e95137a289dbdec88e96e5c5a9a45f2c7-744x1039.png
Sumpworks Map,UNL,1,GEAR,MIND,false,false,https://cmsassets.rgpub.io/sanity/images/dsfx7636/game_data_live/87c3d5007aa3c3e2c4ff3d5bf78a92a2bee58db3-744x1039.png
Sun Disc,OGN,1,GEAR,FURY,false,false,https://cmsassets.rgpub.io/sanity/images/dsfx7636/game_data_live/146d7514f15e6674f471f3aa9c3fadf22c0b634b-744x1039.png
Sunken Temple,SFD,1,BATTLEFIELD,COLORLESS,false,false,https://cmsassets.rgpub.io/sanity/images/dsfx7636/game_data_live/06f6d17929d19000006cf281d013ecbe1543af0e-1039x744.png
Sunlit Guardian,OGN,1,UNIT,CALM,false,false,https://cmsassets.rgpub.io/sanity/images/dsfx7636/game_data_live/28bce7a662b9008f65565300f828d98790a641e1-744x1039.png
Super Mega Death Rocket!,OGN,1,SPELL,FURY&CHAOS,false,false,https://cmsassets.rgpub.io/sanity/images/dsfx7636/game_data_live/95d6fd4d7944e759cfe7ee5e208fa329b719333b-744x1039.png
Svellsongur,SFD,1,GEAR,CALM,false,false,https://cmsassets.rgpub.io/sanity/images/dsfx7636/game_data_live/bc254398dfb5db217327b56862011a2fd6020789-744x1039.png
"Swain, Visionary",VEN,1,UNIT,MIND,false,false,https://cmsassets.rgpub.io/sanity/images/dsfx7636/game_data_live/7f068252d62ab4eea8a779825d84c2c078bbd722-744x1039.png
"Swain, Visionary",VEN,1,UNIT,MIND,false,false,https://cmsassets.rgpub.io/sanity/images/dsfx7636/game_data_live/66d8ec4322d6734719451bb3e004b7d2ec71af87-744x1039.png
Swift Scout,OGN,1,LEGEND,MIND&CHAOS,false,false,https://cmsassets.rgpub.io/sanity/images/dsfx7636/game_data_live/9723181e3392bb61c2aabc804a44f7b0558cedf1-744x1039.png
Swift Scout,OGN,1,LEGEND,MIND&CHAOS,false,false,https://cmsassets.rgpub.io/sanity/images/dsfx7636/game_data_live/e2fbf10efaddbabe9241bd2c7b4d059accd1d5a7-1488x2078.png
Switcheroo,SFD,1,SPELL,CHAOS,false,false,https://cmsassets.rgpub.io/sanity/images/dsfx7636/game_data_live/a4338f495feff5eee46d5349b5fded5e35e76176-744x1039.png
Symbol of the Solari,OGN,1,GEAR,ORDER,false,false,https://cmsassets.rgpub.io/sanity/images/dsfx7636/game_data_live/d4f746c396df48623ef8a4df763b5deb47f59339-744x1039.png
"Syndra, Transcendent",UNL,1,UNIT,CHAOS,false,false,https://cmsassets.rgpub.io/sanity/images/dsfx7636/game_data_live/a3695d011175801aaf6ec5a6557b65b8d6341e81-744x1039.png
Tactical Retreat,UNL,1,SPELL,ORDER,false,false,https://cmsassets.rgpub.io/sanity/images/dsfx7636/game_data_live/cd5abf6c27f5faac247f6044306db3d710fb9d61-744x1039.png
Tail-Cloaked Matriarch,VEN,1,UNIT,CHAOS,false,false,https://cmsassets.rgpub.io/sanity/images/dsfx7636/game_data_live/91a04e2131245c81c2eac486e63925592b0e253a-744x1039.png
Targon's Peak,OGN,1,BATTLEFIELD,COLORLESS,false,false,https://cmsassets.rgpub.io/sanity/images/dsfx7636/game_data_live/6ff1b34ad231645910f670496e1662de0b545a44-1038x744.png
Targonian Visionary,UNL,1,UNIT,BODY,false,false,https://cmsassets.rgpub.io/sanity/images/dsfx7636/game_data_live/fe645cecdd1f251218f5bf33225cde6c1e12b67e-744x1039.png
"Taric, Protector",OGN,1,UNIT,CALM,false,false,https://cmsassets.rgpub.io/sanity/images/dsfx7636/game_data_live/7d08e3f64401cb87b8a0564a1cbe6fc94aee03a7-744x1039.png
Tasty Faefolk,OGN,1,UNIT,CALM,false,false,https://cmsassets.rgpub.io/sanity/images/dsfx7636/game_data_live/65f69ca9a1087deb12e91fb6fdee7b6efd0c088f-744x1039.png
"Teemo, Scout",OGN,1,UNIT,CHAOS,false,false,https://cmsassets.rgpub.io/sanity/images/dsfx7636/game_data_live/ca8a2e11dd78dd09ad1c9ad3a23e5699254b947e-744x1039.png
"Teemo, Strategist",SFD,1,UNIT,MIND,false,false,https://cmsassets.rgpub.io/sanity/images/dsfx7636/game_data_live/7f0962b840d228ad551fb9334fe9bdf76d209e7d-744x1039.png
"Teemo, Strategist",OGN,1,UNIT,MIND,false,false,https://cmsassets.rgpub.io/sanity/images/dsfx7636/game_data_live/b05f31bf744972983f61a9f5801b4ffd68fb9ebf-744x1039.png
Temporal Breach,VEN,1,SPELL,MIND,false,false,https://cmsassets.rgpub.io/sanity/images/dsfx7636/game_data_live/7c670dc3d997c52b90d67043989b53c67a72f4c4-744x1039.png
Temporal Portal,SFD,1,GEAR,MIND,false,false,https://cmsassets.rgpub.io/sanity/images/dsfx7636/game_data_live/a6b8167486d552cc41d10cb9321bae4cef338fa7-744x1039.png
Temptation,SFD,1,SPELL,CHAOS,false,false,https://cmsassets.rgpub.io/sanity/images/dsfx7636/game_data_live/4d5075a540ff5e4a2daec598cb6400fbb6570673-744x1039.png
The Academy,UNL,1,BATTLEFIELD,COLORLESS,false,false,https://cmsassets.rgpub.io/sanity/images/dsfx7636/game_data_live/82646c995f3d0b897ce97f7b68c35f5fd9384b8e-1039x744.png
The Arena's Greatest,OGN,1,BATTLEFIELD,COLORLESS,false,false,https://cmsassets.rgpub.io/sanity/images/dsfx7636/game_data_live/2afd8bdfdd42b1595af0746a6c6b92879ac770d6-1038x744.png
The Boss,OGN,1,LEGEND,BODY&ORDER,false,false,https://cmsassets.rgpub.io/sanity/images/dsfx7636/game_data_live/b132becb843b2cf418cb110ead64758f49f51554-744x1039.png
The Boss,OGN,1,LEGEND,BODY&ORDER,false,false,https://cmsassets.rgpub.io/sanity/images/dsfx7636/game_data_live/af042a5ee9ca9cca47b6f9736b33aaa599353516-1488x2078.png
The Candlelit Sanctum,OGN,1,BATTLEFIELD,COLORLESS,false,false,https://cmsassets.rgpub.io/sanity/images/dsfx7636/game_data_live/f14fe78f2b7f3909eadb07bce24bd582e190653d-1038x744.png
The Dreaming Tree,OGN,1,BATTLEFIELD,COLORLESS,false,false,https://cmsassets.rgpub.io/sanity/images/dsfx7636/game_data_live/f382c2c2442959f2a8905de2be7d202458918a04-1040x744.png
The Grand Plaza,OGN,1,BATTLEFIELD,COLORLESS,false,false,https://cmsassets.rgpub.io/sanity/images/dsfx7636/game_data_live/f9ca8d04cb269ad99bca7e6dae874cad1bec336a-1038x744.png
The Harrowing,OGN,1,SPELL,CHAOS,false,false,https://cmsassets.rgpub.io/sanity/images/dsfx7636/game_data_live/6914034f56dd50ab37df26e3541c997479bb5a6d-744x1039.png
The List,UNL,1,GEAR,CHAOS,false,false,https://cmsassets.rgpub.io/sanity/images/dsfx7636/game_data_live/f35b49faeb444071445662c9af13710c00a4569c-744x1039.png
The Papertree,SFD,1,BATTLEFIELD,COLORLESS,false,false,https://cmsassets.rgpub.io/sanity/images/dsfx7636/game_data_live/c395b94a4f78b4e8b0590b56787c33600b18e358-1039x744.png
The Ruination,UNL,1,SPELL,ORDER,false,false,https://cmsassets.rgpub.io/sanity/images/dsfx7636/game_data_live/f1fea5bfad864f8d58b1b55b04de951285f6ad4e-744x1039.png
The Syren,OGN,1,GEAR,CHAOS,false,false,https://cmsassets.rgpub.io/sanity/images/dsfx7636/game_data_live/cafdd212b542243e10e5fac587616ab77e3d9cf1-744x1039.png
The Zero Drive,SFD,1,GEAR,MIND,false,false,https://cmsassets.rgpub.io/sanity/images/dsfx7636/game_data_live/cc80cbfa1a64ad22dc5f7df870e9206f6938f7f5-744x1039.png
Thermo Beam,OGN,1,SPELL,FURY,false,false,https://cmsassets.rgpub.io/sanity/images/dsfx7636/game_data_live/88661e852b864491e6d7f5f087caf4263f61c361-744x1039.png
Thousand-Tailed Watcher,OGN,1,UNIT,MIND,false,false,https://cmsassets.rgpub.io/sanity/images/dsfx7636/game_data_live/b20e5644c33924a58e0497dd9f7db19723147003-744x1039.png
Threshold of the Gray,VEN,1,BATTLEFIELD,COLORLESS,false,false,https://cmsassets.rgpub.io/sanity/images/dsfx7636/game_data_live/5521aac82f036f1070326c743a9f653955d67bb9-1039x744.png
Thrill of the Hunt,UNL,1,SPELL,FURY&BODY,false,false,https://cmsassets.rgpub.io/sanity/images/dsfx7636/game_data_live/2753c2b3ea4fd55e5225a4451a29736b5c3434a8-744x1039.png
Thwonk!,SFD,1,SPELL,CALM,false,false,https://cmsassets.rgpub.io/sanity/images/dsfx7636/game_data_live/c414fdba5e47db294b8364a07f1258bc3e204c51-744x1039.png
Tianna Crownguard,SFD,1,UNIT,CALM,false,false,https://cmsassets.rgpub.io/sanity/images/dsfx7636/game_data_live/2a1876aeedae7310409d0eaaf453507188b0c82b-744x1039.png
Tibbers,OGS,1,UNIT,FURY&CHAOS,false,false,https://cmsassets.rgpub.io/sanity/images/dsfx7636/game_data_live/74f8bc78573b33d9979b0e9c121b858d770a490c-744x1039.png
Tideturner,OGN,1,UNIT,CHAOS,false,false,https://cmsassets.rgpub.io/sanity/images/dsfx7636/game_data_live/bad355dba8b32d1fba33dc3924cad6a34b61b5af-744x1039.png
Time Warp,OGN,1,SPELL,MIND,false,false,https://cmsassets.rgpub.io/sanity/images/dsfx7636/game_data_live/b97bbcf3cf6cb6e5f4baaa1bfbb85dc860eb950b-744x1039.png
Tomb-Raider Barbara,VEN,1,UNIT,CALM,false,false,https://cmsassets.rgpub.io/sanity/images/dsfx7636/game_data_live/31d0c16ecaa0bd8522d13d6dd5d940be8111f118-744x1039.png
Tools of Empire,VEN,1,GEAR,BODY,false,false,https://cmsassets.rgpub.io/sanity/images/dsfx7636/game_data_live/c4f511ca650143e3f5267e272513e4dcf9cba04f-744x1039.png
Tornado Warrior,VEN,1,UNIT,CHAOS,false,false,https://cmsassets.rgpub.io/sanity/images/dsfx7636/game_data_live/f9b2ffecc997670713bffd3168e5578b5fb7a014-744x1039.png
Towering Combatant,UNL,1,UNIT,BODY,false,false,https://cmsassets.rgpub.io/sanity/images/dsfx7636/game_data_live/2a2eefa9b85684489e97870145eb2f94b20b60ed-744x1039.png
Towering Pairofant,UNL,1,UNIT,FURY,false,false,https://cmsassets.rgpub.io/sanity/images/dsfx7636/game_data_live/47ac3971efe67f7910771709b8bb9a5df5b63952-744x1039.png
Trapping Grounds,UNL,1,BATTLEFIELD,COLORLESS,false,false,https://cmsassets.rgpub.io/sanity/images/dsfx7636/game_data_live/234bb01e24892aefa024ae402f6ee7703ccdbbd4-1039x744.png
Traveling Merchant,OGN,1,UNIT,CHAOS,false,false,https://cmsassets.rgpub.io/sanity/images/dsfx7636/game_data_live/b7dbebe2bf5691391c8e4146e478b8bd2ac40aef-744x1039.png
Treasure Hoard,SFD,1,BATTLEFIELD,COLORLESS,false,false,https://cmsassets.rgpub.io/sanity/images/dsfx7636/game_data_live/cb39bf9f8c30d1ed756ba1b83c975a89d3635159-1039x744.png
Treasure Hunter,SFD,1,UNIT,CHAOS,false,false,https://cmsassets.rgpub.io/sanity/images/dsfx7636/game_data_live/c4e1bf257379b4612a1c58f0480480d9b698196c-744x1039.png
Treasure Trove,OGN,1,GEAR,CHAOS,false,false,https://cmsassets.rgpub.io/sanity/images/dsfx7636/game_data_live/682f5ee828ede4dbaf428cd0666db64ee8bae722-744x1039.png
Trevor Snoozebottom,UNL,1,UNIT,CALM,false,false,https://cmsassets.rgpub.io/sanity/images/dsfx7636/game_data_live/fa843ee80d1a35416d61482bc1602279955a2c7f-744x1039.png
Tricksy Tentacles,UNL,1,SPELL,CALM,false,false,https://cmsassets.rgpub.io/sanity/images/dsfx7636/game_data_live/7e1e77df44c076599fa780f7fd01a4550f67af45-744x1039.png
Trifarian Gloryseeker,OGN,1,UNIT,ORDER,false,false,https://cmsassets.rgpub.io/sanity/images/dsfx7636/game_data_live/19ad6a0e743b56021b9651a2105034a488e172e8-744x1039.png
Trifarian War Camp,OGN,1,BATTLEFIELD,COLORLESS,false,false,https://cmsassets.rgpub.io/sanity/images/dsfx7636/game_data_live/3788cf718e716e35a7fa20ec1dc56991644e6484-1038x744.png
Trinity Force,SFD,1,GEAR,BODY,false,false,https://cmsassets.rgpub.io/sanity/images/dsfx7636/game_data_live/e8b64985389e5792afc2a2fe0dc23ae7590d7709-744x1039.png
Trove Golem,SFD,1,UNIT,ORDER,false,false,https://cmsassets.rgpub.io/sanity/images/dsfx7636/game_data_live/e5b0966cc00203db1036b6fa95360541f72ae131-744x1039.png
Trusty Ramhound,SFD,1,UNIT,ORDER,false,false,https://cmsassets.rgpub.io/sanity/images/dsfx7636/game_data_live/0bd3f82ebe45a4dc09204582d06900916e6c0480-744x1039.png
"Tryndamere, Barbarian",OGN,1,UNIT,FURY,false,false,https://cmsassets.rgpub.io/sanity/images/dsfx7636/game_data_live/124c93495c927be1baea03fdacf6c7b283cf8b6c-744x1039.png
Turn to Dust,UNL,1,SPELL,MIND,false,false,https://cmsassets.rgpub.io/sanity/images/dsfx7636/game_data_live/4986c0c2fea96d9a88d736789d604374a64d03fb-744x1039.png
Twilight Reveler,VEN,1,UNIT,FURY,false,false,https://cmsassets.rgpub.io/sanity/images/dsfx7636/game_data_live/c9b3acfc3f996d784d1b5f98ab87ba4d1c6136ce-744x1039.png
Twilight Shroud,VEN,1,SPELL,CALM,false,false,https://cmsassets.rgpub.io/sanity/images/dsfx7636/game_data_live/0bd93298503d6b1b2f6faf7e97ab494e6e26db76-744x1039.png
Twilight Step,VEN,1,SPELL,CHAOS,false,false,https://cmsassets.rgpub.io/sanity/images/dsfx7636/game_data_live/1c5c10009a9fb2605df5db1ff12647a47ac07d98-744x1039.png
"Twisted Fate, Gambler",OGN,1,UNIT,CHAOS,false,false,https://cmsassets.rgpub.io/sanity/images/dsfx7636/game_data_live/9eff1a038528c4d633196f13259670d84b74c2a8-744x1039.png
"Udyr, Wildman",OGN,1,UNIT,BODY,false,false,https://cmsassets.rgpub.io/sanity/images/dsfx7636/game_data_live/2e461e5d05b5ee86e47a425c42c6f3b3c12bc4cf-744x1039.png
Ultrasoft Poro,UNL,1,UNIT,ORDER,false,false,https://cmsassets.rgpub.io/sanity/images/dsfx7636/game_data_live/36900508e2ce61196450a4bf7e27722ae36521d9-744x1039.png
Unchecked Power,OGN,1,SPELL,MIND,false,false,https://cmsassets.rgpub.io/sanity/images/dsfx7636/game_data_live/c44cd1f6f41144c770ac79f10e5ae75f0c6d6435-744x1039.png
Undercover Agent,OGN,1,UNIT,CHAOS,false,false,https://cmsassets.rgpub.io/sanity/images/dsfx7636/game_data_live/3e4e318c0cc97b13646ee454da71046a09236e47-744x1039.png
Undertitan,SFD,1,UNIT,ORDER,false,false,https://cmsassets.rgpub.io/sanity/images/dsfx7636/game_data_live/aa3bd795a1fa015b42bf64a2d588f527342c2a15-744x1039.png
Undying Legion,UNL,1,UNIT,FURY,false,false,https://cmsassets.rgpub.io/sanity/images/dsfx7636/game_data_live/3a6955daff2982e0ba4417533052d5ea334232fb-744x1039.png
Undying Loyalty,UNL,1,SPELL,ORDER,false,false,https://cmsassets.rgpub.io/sanity/images/dsfx7636/game_data_live/703b85f8284ed13865012289d03602e2cd24f4b2-744x1039.png
Unforgiven,OGN,1,LEGEND,CALM&CHAOS,false,false,https://cmsassets.rgpub.io/sanity/images/dsfx7636/game_data_live/68e4d3230b785738ae9d86f780f7f5607ef11807-744x1040.png
Unforgiven,OGN,1,LEGEND,CALM&CHAOS,false,false,https://cmsassets.rgpub.io/sanity/images/dsfx7636/game_data_live/2c804ec513085702763a9145fac93a8adb6c4783-1488x2078.png
Unlicensed Armory,OGN,1,GEAR,FURY,false,false,https://cmsassets.rgpub.io/sanity/images/dsfx7636/game_data_live/1a80bedd893d9024fc90f108da36b4fd1d496ad6-744x1039.png
Unsung Hero,SFD,1,UNIT,ORDER,false,false,https://cmsassets.rgpub.io/sanity/images/dsfx7636/game_data_live/2a227ef7494af6409000c13c4f3d1094cec3a3a8-744x1039.png
Unyielding Spirit,OGN,1,SPELL,BODY,false,false,https://cmsassets.rgpub.io/sanity/images/dsfx7636/game_data_live/9afea96ec04ce0c2ee76c4affbf4e6df470e7647-744x1039.png
Up from the Deep,VEN,1,SPELL,CHAOS,false,false,https://cmsassets.rgpub.io/sanity/images/dsfx7636/game_data_live/245942e8b2bf073d5d6d57074474ec273557f4df-744x1039.png
Upstage Comedy,UNL,1,SPELL,FURY,false,false,https://cmsassets.rgpub.io/sanity/images/dsfx7636/game_data_live/4a636fcd682b32b41a4886c7383e781414139adb-744x1039.png
Valley of Idols,UNL,1,BATTLEFIELD,COLORLESS,false,false,https://cmsassets.rgpub.io/sanity/images/dsfx7636/game_data_live/4191aa2fda9e754a7f5421edc94bd829f5795650-1039x744.png
Vanguard Armory,SFD,1,GEAR,ORDER,false,false,https://cmsassets.rgpub.io/sanity/images/dsfx7636/game_data_live/4f4d735ff77ea599307e142196338d438fcedc05-744x1039.png
Vanguard Attendant,OGS,1,UNIT,ORDER,false,false,https://cmsassets.rgpub.io/sanity/images/dsfx7636/game_data_live/4ce467c1d51a65ab4fbae918dca38ae90b510844-744x1039.png
Vanguard Captain,OGN,1,UNIT,ORDER,false,false,https://cmsassets.rgpub.io/sanity/images/dsfx7636/game_data_live/f0c9ddb2af7a0d4991938cf1e3058eb0f5d2e357-744x1039.png
Vanguard Helm,OGN,1,GEAR,ORDER,false,false,https://cmsassets.rgpub.io/sanity/images/dsfx7636/game_data_live/9718c666cbf789a572760c826d0a06b26b787ae5-744x1039.png
Vanguard Sergeant,OGN,1,UNIT,ORDER,false,false,https://cmsassets.rgpub.io/sanity/images/dsfx7636/game_data_live/6bcff5c718cfcff1c2466bf5e1a2a1ea9a9cf09b-744x1039.png
Vault Breaker,UNL,1,SPELL,FURY,false,false,https://cmsassets.rgpub.io/sanity/images/dsfx7636/game_data_live/8046c9f133be83268d7dc9788abea58f461914d8-744x1039.png
Vaults of Helia,UNL,1,BATTLEFIELD,COLORLESS,false,false,https://cmsassets.rgpub.io/sanity/images/dsfx7636/game_data_live/9fc7b9a8294665881eece0dacaf3fc70e39f19e4-1039x744.png
"Vayne, Hunter",SFD,1,UNIT,FURY,false,false,https://cmsassets.rgpub.io/sanity/images/dsfx7636/game_data_live/6f8caecc98cb5dae1b818677ef5baaaa4a5f7cb2-744x1039.png
"Vayne, Hunter",OGN,1,UNIT,FURY,false,false,https://cmsassets.rgpub.io/sanity/images/dsfx7636/game_data_live/b38a22e6f4bfaa8589f32754a7466fe5214e81b5-744x1039.png
Veiled Temple,SFD,1,BATTLEFIELD,COLORLESS,false,false,https://cmsassets.rgpub.io/sanity/images/dsfx7636/game_data_live/6f2b38874a09b3e3df3fe584ea77e84aa5423e37-1039x744.png
Vengeance,OGN,1,SPELL,ORDER,false,false,https://cmsassets.rgpub.io/sanity/images/dsfx7636/game_data_live/a21e2ffee47ecdd1575bf48edb8c2a84722cc6b9-744x1039.png
Veteran Poro,SFD,1,UNIT,BODY,false,false,https://cmsassets.rgpub.io/sanity/images/dsfx7636/game_data_live/54b8aa5aa80e74e0c545d4c484353c5b9e78bdfc-744x1039.png
Veteran Poro,UNL,1,UNIT,BODY,false,false,https://cmsassets.rgpub.io/sanity/images/dsfx7636/game_data_live/337f38fae6a4d801fc14abcda2a7d09c3e7e6ae3-744x1039.png
"Vex, Apathetic",UNL,1,UNIT,CHAOS,false,false,https://cmsassets.rgpub.io/sanity/images/dsfx7636/game_data_live/7f13b0216c5d805400bb64cf26cd119acfc6c5ca-744x1039.png
"Vex, Cheerless",SFD,1,UNIT,CHAOS,false,false,https://cmsassets.rgpub.io/sanity/images/dsfx7636/game_data_live/e9025578c7b5845a1a9c9a83e045bcbe71a76e71-744x1039.png
"Vex, Mocking",UNL,1,UNIT,CALM,false,false,https://cmsassets.rgpub.io/sanity/images/dsfx7636/game_data_live/ed2c20de6ceb7ff23f62ccb28a49fd305c5b15b7-744x1039.png
"Vi, Destructive",VEN,1,UNIT,FURY,false,false,https://cmsassets.rgpub.io/sanity/images/dsfx7636/game_data_live/dff596efc7413bfdd9cc8e667c46bd4228447de5-744x1039.png
"Vi, Destructive",OGN,1,UNIT,FURY,false,false,https://cmsassets.rgpub.io/sanity/images/dsfx7636/game_data_live/7ab52254ac49b8853fc7ae65b03aaee3f8c5994a-744x1039.png
"Vi, Hotheaded",UNL,1,UNIT,FURY,false,false,https://cmsassets.rgpub.io/sanity/images/dsfx7636/game_data_live/03a55e8d494d7efe20da792365161f5c43c20779-744x1039.png
"Vi, Peacekeeper",UNL,1,UNIT,ORDER,false,false,https://cmsassets.rgpub.io/sanity/images/dsfx7636/game_data_live/51610bbdecd77b15f58b9a968611e536ebdf445e-744x1039.png
Vicious Snapjaws,UNL,1,UNIT,CHAOS,false,false,https://cmsassets.rgpub.io/sanity/images/dsfx7636/game_data_live/99845de971eb165c7a6bb424050cd9a29b45b548-744x1039.png
"Viktor, Innovator",VEN,1,UNIT,MIND,false,false,https://cmsassets.rgpub.io/sanity/images/dsfx7636/game_data_live/0416b4a447494acac41413a4511bb59ce983b4ec-744x1039.png
"Viktor, Innovator",OGN,1,UNIT,MIND,false,false,https://cmsassets.rgpub.io/sanity/images/dsfx7636/game_data_live/35be0b10f13611b4f5d828f2a79001036ab57ba1-744x1039.png
"Viktor, Leader",OGN,1,UNIT,ORDER,false,false,https://cmsassets.rgpub.io/sanity/images/dsfx7636/game_data_live/ab390d6d074c3f07abba000cc166faa1796ec464-744x1039.png
Vilemaw,UNL,1,UNIT,CALM,false,false,https://cmsassets.rgpub.io/sanity/images/dsfx7636/game_data_live/cb6dde0284f9ef84cbc9c0f07d2e7aac2fe6f919-744x1039.png
Vilemaw's Lair,OGN,1,BATTLEFIELD,COLORLESS,false,false,https://cmsassets.rgpub.io/sanity/images/dsfx7636/game_data_live/f374b90a0bec11a5f423e7d4ebd869ab1a146471-1038x744.png
Virtuoso,UNL,1,LEGEND,FURY&MIND,false,false,https://cmsassets.rgpub.io/sanity/images/dsfx7636/game_data_live/47f10693258104e9373396165e335014bf5783a2-744x1039.png
Virtuoso,UNL,1,LEGEND,FURY&MIND,false,false,https://cmsassets.rgpub.io/sanity/images/dsfx7636/game_data_live/d1e6947cf43a19488a2c31f71a4887aa0423a966-744x1039.png
Void Assault,UNL,1,SPELL,BODY&CHAOS,false,false,https://cmsassets.rgpub.io/sanity/images/dsfx7636/game_data_live/0b79108a9492fb34866cc63815b57bfab8a5aeae-744x1039.png
Void Burrower,SFD,1,LEGEND,FURY&ORDER,false,false,https://cmsassets.rgpub.io/sanity/images/dsfx7636/game_data_live/968eb5c484a25bbebd162f31736024b4ff3b0d07-744x1039.png
Void Burrower,SFD,1,LEGEND,FURY&ORDER,false,false,https://cmsassets.rgpub.io/sanity/images/dsfx7636/game_data_live/2db78549c30d8f9012af797fe075c4dc2355ec5d-744x1039.png
Void Drone,SFD,1,UNIT,FURY,false,false,https://cmsassets.rgpub.io/sanity/images/dsfx7636/game_data_live/589dde45bc610eb83bc808803e4becf8a6d2da84-744x1039.png
Void Gate,OGN,1,BATTLEFIELD,COLORLESS,false,false,https://cmsassets.rgpub.io/sanity/images/dsfx7636/game_data_live/14a52a367fd41fd84745e050e62d1f281f733467-1038x744.png
Void Hatchling,SFD,1,UNIT,FURY,false,false,https://cmsassets.rgpub.io/sanity/images/dsfx7636/game_data_live/a909782d0a30f31f9414c99ba143fa570a3cb456-744x1039.png
Void Rush,SFD,1,SPELL,FURY&ORDER,false,false,https://cmsassets.rgpub.io/sanity/images/dsfx7636/game_data_live/ce606f096ae76485cd8dd3cc337629b510f0d1e7-744x1039.png
Void Seeker,OGN,1,SPELL,FURY,false,false,https://cmsassets.rgpub.io/sanity/images/dsfx7636/game_data_live/5b64b63c6be58ff3c33c7fb3c2dcb168d64e287e-744x1039.png
Voidreaver,UNL,1,LEGEND,BODY&CHAOS,false,false,https://cmsassets.rgpub.io/sanity/images/dsfx7636/game_data_live/a5db0b3340a189de1cf9d8174b11eb583f19ea28-744x1039.png
Voidreaver,UNL,1,LEGEND,BODY&CHAOS,false,false,https://cmsassets.rgpub.io/sanity/images/dsfx7636/game_data_live/ffed0102adcae6fe01d173042487ea85ebe899bc-744x1039.png
"Volibear, Furious",OGN,1,UNIT,FURY,false,false,https://cmsassets.rgpub.io/sanity/images/dsfx7636/game_data_live/c9165d49b8caae9a856433cd5151e8b368eb80b5-744x1039.png
"Volibear, Imposing",OGN,1,UNIT,BODY,false,false,https://cmsassets.rgpub.io/sanity/images/dsfx7636/game_data_live/bcb15f95f4a72f8b070a3b1cd54e6482fe1a4b3e-744x1039.png
Voracious Gromp,UNL,1,UNIT,BODY,false,false,https://cmsassets.rgpub.io/sanity/images/dsfx7636/game_data_live/3c006b8c9aa4581ad90c258cc6cfac9098d3c296-744x1039.png
Wages of Pain,SFD,1,SPELL,MIND,false,false,https://cmsassets.rgpub.io/sanity/images/dsfx7636/game_data_live/aef5c891bd6f7cbc3a97b1e01688868316599929-744x1039.png
Walking Roost,UNL,1,UNIT,CHAOS,false,false,https://cmsassets.rgpub.io/sanity/images/dsfx7636/game_data_live/d9b344b4b29b2baab0a1dc2e16a6e946192edaf5-744x1039.png
Wallop,OGN,1,SPELL,BODY,false,false,https://cmsassets.rgpub.io/sanity/images/dsfx7636/game_data_live/7bbd2eb8ce224e1872a1c920d7c64d796b2355cd-744x1039.png
Warmog's Armor,SFD,1,GEAR,BODY,false,false,https://cmsassets.rgpub.io/sanity/images/dsfx7636/game_data_live/0d680867670dd75a66a632cd6f044a7f7e39b42b-744x1039.png
"Warwick, Hunter",OGN,1,UNIT,BODY,false,false,https://cmsassets.rgpub.io/sanity/images/dsfx7636/game_data_live/fcbf878905001fa81858e9f081346fd05425f264-744x1039.png
Watchful Sentry,OGN,1,UNIT,MIND,false,false,https://cmsassets.rgpub.io/sanity/images/dsfx7636/game_data_live/d84da2c62b1e218a0a74b227c49ce8a953918ebd-744x1039.png
Whirlwind,OGN,1,SPELL,CHAOS,false,false,https://cmsassets.rgpub.io/sanity/images/dsfx7636/game_data_live/24f5e0a8811b5a0e0930c0f6476600e2a37a5f93-744x1039.png
Whiteflame Protector,OGN,1,UNIT,CALM,false,false,https://cmsassets.rgpub.io/sanity/images/dsfx7636/game_data_live/a5cdd793736f915fa1b4ea388af66de7b2bc00cb-744x1039.png
Wielder of Water,OGN,1,UNIT,CALM,false,false,https://cmsassets.rgpub.io/sanity/images/dsfx7636/game_data_live/5b38a7758705bd739caf07b5c0c49482a4a23015-744x1039.png
Wild Claw,VEN,1,SPELL,BODY,false,false,https://cmsassets.rgpub.io/sanity/images/dsfx7636/game_data_live/a58871b08a51efb8ce33f399fe4d168fd25b596a-744x1039.png
Wildclaw Shaman,OGN,1,UNIT,BODY,false,false,https://cmsassets.rgpub.io/sanity/images/dsfx7636/game_data_live/7abc938fee4ba397f52c8ea60d350857a7517b0c-744x1039.png
Wily Newtfish,UNL,1,UNIT,BODY,false,false,https://cmsassets.rgpub.io/sanity/images/dsfx7636/game_data_live/4a0b0ebe9f47dadeb3b5f0520ec566a528df9c94-744x1039.png
Wind Wall,OGN,1,SPELL,CALM,false,false,https://cmsassets.rgpub.io/sanity/images/dsfx7636/game_data_live/72c4dbe48d06916c847dab40340e5f05228fadfe-744x1039.png
Wind and Ghosts,VEN,1,SPELL,CHAOS,false,false,https://cmsassets.rgpub.io/sanity/images/dsfx7636/game_data_live/ef118660422af84f6183d375b68ce1872acb1e2e-744x1039.png
Windsinger,SFD,1,UNIT,CHAOS,false,false,https://cmsassets.rgpub.io/sanity/images/dsfx7636/game_data_live/e47c9a3956f8fbb77daa5fdb2ee433dd1772f247-744x1039.png
Windswept Hillock,OGN,1,BATTLEFIELD,COLORLESS,false,false,https://cmsassets.rgpub.io/sanity/images/dsfx7636/game_data_live/aba557a4053fd76c6aa95b2b907ec682bad70d9f-1038x744.png
Wizened Elder,OGN,1,UNIT,CALM,false,false,https://cmsassets.rgpub.io/sanity/images/dsfx7636/game_data_live/7b98797789ad7e3a6cf52126b82a42ec6f269bb7-744x1039.png
World Atlas,SFD,1,GEAR,MIND,false,false,https://cmsassets.rgpub.io/sanity/images/dsfx7636/game_data_live/7b8d96e128c19c5ff368119a60759cffa644e942-744x1039.png
Wraith of Echoes,OGN,1,UNIT,MIND,false,false,https://cmsassets.rgpub.io/sanity/images/dsfx7636/game_data_live/10785ab5267ca3ff2dea081d8d18ba47c3858517-744x1039.png
Wuju Apprentice,UNL,1,UNIT,CALM,false,false,https://cmsassets.rgpub.io/sanity/images/dsfx7636/game_data_live/543789dd1b4b2654392a151d4bb1b0c6263c47dc-744x1039.png
Wuju Bladesman - Starter,OGS,1,LEGEND,CALM&BODY,false,false,https://cmsassets.rgpub.io/sanity/images/dsfx7636/game_data_live/8231ced23eaf22ca3bf62ec8cb86b83a3e222da6-744x1039.png
Wuju Master,UNL,1,LEGEND,CALM&BODY,false,false,https://cmsassets.rgpub.io/sanity/images/dsfx7636/game_data_live/557e41d84ac36ffa2bf805deda159f45e0a815f9-744x1039.png
Wuju Master,UNL,1,LEGEND,CALM&BODY,false,false,https://cmsassets.rgpub.io/sanity/images/dsfx7636/game_data_live/ed9af55066593b4ee738b9529b847f2f738078e0-744x1039.png
"Xerath, Freed",UNL,1,UNIT,FURY,false,false,https://cmsassets.rgpub.io/sanity/images/dsfx7636/game_data_live/ef52e66a137a80cf5df862f31a114bfc00914a93-744x1039.png
"Xin Zhao, Vigilant",SFD,1,UNIT,ORDER,false,false,https://cmsassets.rgpub.io/sanity/images/dsfx7636/game_data_live/ec694ac53a49fd4419434cb144daaaf0f38da574-744x1039.png
"Yasuo, Remorseful",OGN,1,UNIT,CALM,false,false,https://cmsassets.rgpub.io/sanity/images/dsfx7636/game_data_live/1643a6c93626884c93363557e1a483642bda6c45-744x1039.png
"Yasuo, Windrider",OGN,1,UNIT,CHAOS,false,false,https://cmsassets.rgpub.io/sanity/images/dsfx7636/game_data_live/f5ba378ce4dad16d17e001814e091d5f484f2681-744x1039.png
"Yasuo, Windrider",SFD,1,UNIT,CHAOS,false,false,https://cmsassets.rgpub.io/sanity/images/dsfx7636/game_data_live/74021c17acc45cf743609a825490a0e6dd7466b5-744x1039.png
Yeti Brawler,UNL,1,UNIT,FURY,false,false,https://cmsassets.rgpub.io/sanity/images/dsfx7636/game_data_live/38b59ae384ef6df8c94d5c51418101b2630b43a7-744x1039.png
"Yi, Honed",OGS,1,UNIT,BODY,false,false,https://cmsassets.rgpub.io/sanity/images/dsfx7636/game_data_live/0e16976cd6d7ee5a874be9351b428671990fbd25-744x1039.png
"Yi, Meditative",OGS,1,UNIT,CALM,false,false,https://cmsassets.rgpub.io/sanity/images/dsfx7636/game_data_live/5508566c8f05f09492148faa803332a731095eb7-744x1039.png
"Yone, Blademaster",SFD,1,UNIT,BODY,false,false,https://cmsassets.rgpub.io/sanity/images/dsfx7636/game_data_live/0bb6fd6e7d1e6fefeeccc82059bdae2eaa000730-744x1039.png
"Yone, Blademaster",SFD,1,UNIT,BODY,false,false,https://cmsassets.rgpub.io/sanity/images/dsfx7636/game_data_live/0e8efd9af74b65170e04eed45844e6d7e2c4d70b-744x1039.png
Yordle Explorer,SFD,1,UNIT,BODY,false,false,https://cmsassets.rgpub.io/sanity/images/dsfx7636/game_data_live/556b20c8c605545f13a8990dca36586a287ebb29-744x1039.png
"Yuumi, Magical Cat",UNL,1,UNIT,CALM,false,false,https://cmsassets.rgpub.io/sanity/images/dsfx7636/game_data_live/588ddfeb01ab7b37110d8a7e656cf9f35530ce4e-744x1039.png
Zaun Punk,SFD,1,UNIT,ORDER,false,false,https://cmsassets.rgpub.io/sanity/images/dsfx7636/game_data_live/af4eec8bb065708bf790b940fa065ea3e735afa0-744x1039.png
Zaun Warrens,OGN,1,BATTLEFIELD,COLORLESS,false,false,https://cmsassets.rgpub.io/sanity/images/dsfx7636/game_data_live/458ee40086c77b43b98c2decbaf33a4aa2359bb9-1038x744.png
Zaunite Bouncer,OGN,1,UNIT,CHAOS,false,false,https://cmsassets.rgpub.io/sanity/images/dsfx7636/game_data_live/0f4e8258e3920e4a4654cfe74faf8c266f2aa5dd-744x1039.png
"Zed, From the Shadows",VEN,1,UNIT,FURY,false,false,https://cmsassets.rgpub.io/sanity/images/dsfx7636/game_data_live/06793f17adbd827e468db40d644eb273a3932c7e-744x1039.png
"Zed, From the Shadows",VEN,1,UNIT,FURY,false,false,https://cmsassets.rgpub.io/sanity/images/dsfx7636/game_data_live/5d665b28073066442b35f7b6aed98c83fca23631-744x1039.png
"Zed, Without a Sound",VEN,1,UNIT,CHAOS,false,false,https://cmsassets.rgpub.io/sanity/images/dsfx7636/game_data_live/be97ca6a33e25b85a04ec1b3a163b31f141776cf-744x1039.png
Zenith Blade,OGN,1,SPELL,CALM&ORDER,false,false,https://cmsassets.rgpub.io/sanity/images/dsfx7636/game_data_live/a572f0bc3ed1bd47c5759d36f5b951b15338e57e-744x1039.png
Zephyr Sage,OGS,1,UNIT,CALM,false,false,https://cmsassets.rgpub.io/sanity/images/dsfx7636/game_data_live/7664b03bb107954195153d9f2f86c5d63682fa4b-744x1039.png
Zhonya's Hourglass,OGN,1,GEAR,CALM,false,false,https://cmsassets.rgpub.io/sanity/images/dsfx7636/game_data_live/dc38172c56f838b407fc9f170ba973da32d7cd4d-744x1039.png
"Zilean, Time Mage",UNL,1,UNIT,MIND,false,false,https://cmsassets.rgpub.io/sanity/images/dsfx7636/game_data_live/2a3165b43bd9878c0eb519bc25d370064aacac35-744x1039.png
